minute,hour,concurrent_compactions
0,0.0000,31
1,0.0167,30
2,0.0333,31
3,0.0500,27
4,0.0667,27
5,0.0833,22
6,0.1000,21
7,0.1167,21
8,0.1333,25
9,0.1500,17
10,0.1667,18
11,0.1833,19
12,0.2000,20
13,0.2167,20
14,0.2333,19
15,0.2500,21
16,0.2667,23
17,0.2833,18
18,0.3000,20
19,0.3167,21
20,0.3333,18
21,0.3500,24
22,0.3667,21
23,0.3833,20
24,0.4000,19
25,0.4167,19
26,0.4333,19
27,0.4500,22
28,0.4667,20
29,0.4833,21
30,0.5000,29
31,0.5167,24
32,0.5333,28
33,0.5500,29
34,0.5667,28
35,0.5833,23
36,0.6000,26
37,0.6167,29
38,0.6333,26
39,0.6500,32
40,0.6667,23
41,0.6833,27
42,0.7000,25
43,0.7167,27
44,0.7333,33
45,0.7500,29
46,0.7667,27
47,0.7833,27
48,0.8000,27
49,0.8167,28
50,0.8333,32
51,0.8500,26
52,0.8667,33
53,0.8833,29
54,0.9000,25
55,0.9167,27
56,0.9333,30
57,0.9500,31
58,0.9667,34
59,0.9833,34
60,1.0000,40
61,1.0167,35
62,1.0333,31
63,1.0500,31
64,1.0667,31
65,1.0833,34
66,1.1000,33
67,1.1167,25
68,1.1333,30
69,1.1500,31
70,1.1667,31
71,1.1833,26
72,1.2000,29
73,1.2167,29
74,1.2333,32
75,1.2500,24
76,1.2667,28
77,1.2833,30
78,1.3000,25
79,1.3167,28
80,1.3333,31
81,1.3500,22
82,1.3667,27
83,1.3833,27
84,1.4000,24
85,1.4167,29
86,1.4333,23
87,1.4500,24
88,1.4667,25
89,1.4833,25
90,1.5000,24
91,1.5167,26
92,1.5333,22
93,1.5500,26
94,1.5667,24
95,1.5833,30
96,1.6000,25
97,1.6167,26
98,1.6333,25
99,1.6500,24
100,1.6667,27
101,1.6833,28
102,1.7000,26
103,1.7167,27
104,1.7333,24
105,1.7500,25
106,1.7667,29
107,1.7833,34
108,1.8000,31
109,1.8167,27
110,1.8333,27
111,1.8500,26
112,1.8667,26
113,1.8833,26
114,1.9000,24
115,1.9167,28
116,1.9333,29
117,1.9500,23
118,1.9667,27
119,1.9833,26
120,2.0000,27
121,2.0167,26
122,2.0333,30
123,2.0500,27
124,2.0667,26
125,2.0833,25
126,2.1000,24
127,2.1167,26
128,2.1333,23
129,2.1500,26
130,2.1667,26
131,2.1833,24
132,2.2000,26
133,2.2167,24
134,2.2333,28
135,2.2500,23
136,2.2667,26
137,2.2833,25
138,2.3000,24
139,2.3167,25
140,2.3333,27
141,2.3500,26
142,2.3667,25
143,2.3833,25
144,2.4000,23
145,2.4167,26
146,2.4333,24
147,2.4500,25
148,2.4667,25
149,2.4833,23
150,2.5000,26
151,2.5167,28
152,2.5333,25
153,2.5500,28
154,2.5667,23
155,2.5833,24
156,2.6000,24
157,2.6167,28
158,2.6333,21
159,2.6500,26
160,2.6667,24
161,2.6833,27
162,2.7000,25
163,2.7167,27
164,2.7333,28
165,2.7500,31
166,2.7667,32
167,2.7833,31
168,2.8000,30
169,2.8167,31
170,2.8333,32
171,2.8500,30
172,2.8667,33
173,2.8833,31
174,2.9000,30
175,2.9167,32
176,2.9333,33
177,2.9500,29
178,2.9667,30
179,2.9833,30
180,3.0000,34
181,3.0167,30
182,3.0333,31
183,3.0500,31
184,3.0667,32
185,3.0833,28
186,3.1000,33
187,3.1167,31
188,3.1333,33
189,3.1500,30
190,3.1667,31
191,3.1833,30
192,3.2000,31
193,3.2167,31
194,3.2333,30
195,3.2500,36
196,3.2667,27
197,3.2833,33
198,3.3000,26
199,3.3167,36
200,3.3333,29
201,3.3500,29
202,3.3667,36
203,3.3833,29
204,3.4000,31
205,3.4167,25
206,3.4333,34
207,3.4500,31
208,3.4667,31
209,3.4833,31
210,3.5000,32
211,3.5167,28
212,3.5333,32
213,3.5500,30
214,3.5667,31
215,3.5833,30
216,3.6000,31
217,3.6167,33
218,3.6333,28
219,3.6500,28
220,3.6667,32
221,3.6833,29
222,3.7000,30
223,3.7167,32
224,3.7333,30
225,3.7500,29
226,3.7667,30
227,3.7833,33
228,3.8000,32
229,3.8167,29
230,3.8333,29
231,3.8500,31
232,3.8667,30
233,3.8833,30
234,3.9000,31
235,3.9167,31
236,3.9333,31
237,3.9500,31
238,3.9667,31
239,3.9833,34
240,4.0000,28
241,4.0167,32
242,4.0333,31
243,4.0500,37
244,4.0667,32
245,4.0833,35
246,4.1000,31
247,4.1167,33
248,4.1333,27
249,4.1500,29
250,4.1667,29
251,4.1833,32
252,4.2000,29
253,4.2167,33
254,4.2333,30
255,4.2500,33
256,4.2667,26
257,4.2833,35
258,4.3000,28
259,4.3167,29
260,4.3333,36
261,4.3500,28
262,4.3667,36
263,4.3833,30
264,4.4000,35
265,4.4167,29
266,4.4333,37
267,4.4500,27
268,4.4667,32
269,4.4833,28
270,4.5000,30
271,4.5167,27
272,4.5333,32
273,4.5500,29
274,4.5667,34
275,4.5833,30
276,4.6000,26
277,4.6167,28
278,4.6333,32
279,4.6500,35
280,4.6667,28
281,4.6833,32
282,4.7000,32
283,4.7167,32
284,4.7333,32
285,4.7500,27
286,4.7667,28
287,4.7833,27
288,4.8000,31
289,4.8167,32
290,4.8333,28
291,4.8500,31
292,4.8667,30
293,4.8833,32
294,4.9000,28
295,4.9167,27
296,4.9333,27
297,4.9500,32
298,4.9667,29
299,4.9833,30
300,5.0000,29
301,5.0167,27
302,5.0333,28
303,5.0500,32
304,5.0667,31
305,5.0833,27
306,5.1000,29
307,5.1167,27
308,5.1333,30
309,5.1500,29
310,5.1667,30
311,5.1833,31
312,5.2000,32
313,5.2167,30
314,5.2333,32
315,5.2500,30
316,5.2667,27
317,5.2833,34
318,5.3000,29
319,5.3167,27
320,5.3333,31
321,5.3500,28
322,5.3667,30
323,5.3833,29
324,5.4000,28
325,5.4167,26
326,5.4333,28
327,5.4500,32
328,5.4667,30
329,5.4833,28
330,5.5000,28
331,5.5167,32
332,5.5333,28
333,5.5500,26
334,5.5667,29
335,5.5833,28
336,5.6000,28
337,5.6167,25
338,5.6333,30
339,5.6500,27
340,5.6667,31
341,5.6833,29
342,5.7000,30
343,5.7167,30
344,5.7333,30
345,5.7500,27
346,5.7667,34
347,5.7833,28
348,5.8000,25
349,5.8167,31
350,5.8333,29
351,5.8500,30
352,5.8667,25
353,5.8833,27
354,5.9000,31
355,5.9167,30
356,5.9333,32
357,5.9500,27
358,5.9667,28
359,5.9833,28
360,6.0000,31
361,6.0167,27
362,6.0333,31
363,6.0500,27
364,6.0667,26
365,6.0833,31
366,6.1000,29
367,6.1167,28
368,6.1333,33
369,6.1500,28
370,6.1667,29
371,6.1833,29
372,6.2000,27
373,6.2167,30
374,6.2333,29
375,6.2500,25
376,6.2667,33
377,6.2833,26
378,6.3000,29
379,6.3167,27
380,6.3333,28
381,6.3500,27
382,6.3667,31
383,6.3833,27
384,6.4000,31
385,6.4167,28
386,6.4333,26
387,6.4500,29
388,6.4667,27
389,6.4833,31
390,6.5000,29
391,6.5167,22
392,6.5333,27
393,6.5500,31
394,6.5667,26
395,6.5833,27
396,6.6000,31
397,6.6167,28
398,6.6333,26
399,6.6500,28
400,6.6667,29
401,6.6833,27
402,6.7000,31
403,6.7167,27
404,6.7333,28
405,6.7500,25
406,6.7667,27
407,6.7833,26
408,6.8000,29
409,6.8167,26
410,6.8333,29
411,6.8500,27
412,6.8667,28
413,6.8833,28
414,6.9000,28
415,6.9167,26
416,6.9333,25
417,6.9500,27
418,6.9667,27
419,6.9833,29
420,7.0000,27
421,7.0167,26
422,7.0333,29
423,7.0500,27
424,7.0667,26
425,7.0833,28
426,7.1000,26
427,7.1167,28
428,7.1333,25
429,7.1500,26
430,7.1667,28
431,7.1833,29
432,7.2000,26
433,7.2167,25
434,7.2333,28
435,7.2500,28
436,7.2667,27
437,7.2833,26
438,7.3000,27
439,7.3167,27
440,7.3333,28
441,7.3500,28
442,7.3667,27
443,7.3833,26
444,7.4000,25
445,7.4167,29
446,7.4333,26
447,7.4500,28
448,7.4667,24
449,7.4833,31
450,7.5000,28
451,7.5167,29
452,7.5333,30
453,7.5500,27
454,7.5667,26
455,7.5833,28
456,7.6000,27
457,7.6167,27
458,7.6333,25
459,7.6500,27
460,7.6667,27
461,7.6833,27
462,7.7000,27
463,7.7167,29
464,7.7333,26
465,7.7500,24
466,7.7667,26
467,7.7833,26
468,7.8000,25
469,7.8167,29
470,7.8333,26
471,7.8500,26
472,7.8667,27
473,7.8833,26
474,7.9000,28
475,7.9167,25
476,7.9333,26
477,7.9500,27
478,7.9667,25
479,7.9833,28
480,8.0000,26
481,8.0167,25
482,8.0333,27
483,8.0500,24
484,8.0667,28
485,8.0833,25
486,8.1000,26
487,8.1167,28
488,8.1333,25
489,8.1500,26
490,8.1667,27
491,8.1833,22
492,8.2000,27
493,8.2167,27
494,8.2333,27
495,8.2500,28
496,8.2667,28
497,8.2833,34
498,8.3000,26
499,8.3167,27
500,8.3333,27
501,8.3500,28
502,8.3667,30
503,8.3833,25
504,8.4000,27
505,8.4167,27
506,8.4333,30
507,8.4500,26
508,8.4667,31
509,8.4833,28
510,8.5000,29
511,8.5167,24
512,8.5333,27
513,8.5500,31
514,8.5667,27
515,8.5833,26
516,8.6000,27
517,8.6167,23
518,8.6333,27
519,8.6500,26
520,8.6667,27
521,8.6833,28
522,8.7000,26
523,8.7167,25
524,8.7333,29
525,8.7500,27
526,8.7667,28
527,8.7833,28
528,8.8000,25
529,8.8167,27
530,8.8333,26
531,8.8500,25
532,8.8667,26
533,8.8833,24
534,8.9000,27
535,8.9167,29
536,8.9333,26
537,8.9500,26
538,8.9667,25
539,8.9833,28
540,9.0000,26
541,9.0167,26
542,9.0333,28
543,9.0500,25
544,9.0667,27
545,9.0833,25
546,9.1000,28
547,9.1167,23
548,9.1333,25
549,9.1500,24
550,9.1667,26
551,9.1833,22
552,9.2000,27
553,9.2167,26
554,9.2333,27
555,9.2500,32
556,9.2667,24
557,9.2833,29
558,9.3000,29
559,9.3167,27
560,9.3333,28
561,9.3500,27
562,9.3667,26
563,9.3833,25
564,9.4000,26
565,9.4167,28
566,9.4333,27
567,9.4500,25
568,9.4667,25
569,9.4833,25
570,9.5000,24
571,9.5167,28
572,9.5333,29
573,9.5500,25
574,9.5667,29
575,9.5833,25
576,9.6000,24
577,9.6167,27
578,9.6333,27
579,9.6500,27
580,9.6667,22
581,9.6833,24
582,9.7000,25
583,9.7167,25
584,9.7333,25
585,9.7500,24
586,9.7667,25
587,9.7833,23
588,9.8000,24
589,9.8167,24
590,9.8333,24
591,9.8500,26
592,9.8667,21
593,9.8833,27
594,9.9000,24
595,9.9167,26
596,9.9333,22
597,9.9500,30
598,9.9667,21
599,9.9833,24
600,10.0000,24
601,10.0167,24
602,10.0333,27
603,10.0500,27
604,10.0667,28
605,10.0833,26
606,10.1000,27
607,10.1167,27
608,10.1333,26
609,10.1500,26
610,10.1667,28
611,10.1833,26
612,10.2000,30
613,10.2167,28
614,10.2333,27
615,10.2500,28
616,10.2667,25
617,10.2833,27
618,10.3000,27
619,10.3167,29
620,10.3333,26
621,10.3500,22
622,10.3667,27
623,10.3833,26
624,10.4000,27
625,10.4167,28
626,10.4333,24
627,10.4500,28
628,10.4667,28
629,10.4833,27
630,10.5000,28
631,10.5167,24
632,10.5333,28
633,10.5500,23
634,10.5667,24
635,10.5833,25
636,10.6000,23
637,10.6167,28
638,10.6333,25
639,10.6500,27
640,10.6667,27
641,10.6833,25
642,10.7000,27
643,10.7167,25
644,10.7333,28
645,10.7500,28
646,10.7667,24
647,10.7833,23
648,10.8000,27
649,10.8167,25
650,10.8333,30
651,10.8500,27
652,10.8667,26
653,10.8833,26
654,10.9000,27
655,10.9167,25
656,10.9333,25
657,10.9500,27
658,10.9667,26
659,10.9833,23
660,11.0000,25
661,11.0167,25
662,11.0333,29
663,11.0500,29
664,11.0667,26
665,11.0833,25
666,11.1000,23
667,11.1167,27
668,11.1333,26
669,11.1500,25
670,11.1667,28
671,11.1833,26
672,11.2000,23
673,11.2167,28
674,11.2333,25
675,11.2500,25
676,11.2667,27
677,11.2833,25
678,11.3000,26
679,11.3167,26
680,11.3333,28
681,11.3500,25
682,11.3667,25
683,11.3833,25
684,11.4000,29
685,11.4167,26
686,11.4333,27
687,11.4500,28
688,11.4667,23
689,11.4833,25
690,11.5000,26
691,11.5167,26
692,11.5333,25
693,11.5500,23
694,11.5667,25
695,11.5833,24
696,11.6000,25
697,11.6167,25
698,11.6333,26
699,11.6500,24
700,11.6667,25
701,11.6833,23
702,11.7000,22
703,11.7167,22
704,11.7333,25
705,11.7500,24
706,11.7667,21
707,11.7833,26
708,11.8000,25
709,11.8167,21
710,11.8333,24
711,11.8500,21
712,11.8667,24
713,11.8833,23
714,11.9000,22
715,11.9167,23
716,11.9333,24
717,11.9500,23
718,11.9667,26
719,11.9833,25
720,12.0000,25
721,12.0167,24
722,12.0333,25
723,12.0500,27
724,12.0667,28
725,12.0833,25
726,12.1000,25
727,12.1167,24
728,12.1333,25
729,12.1500,22
730,12.1667,25
731,12.1833,23
732,12.2000,24
733,12.2167,27
734,12.2333,24
735,12.2500,25
736,12.2667,23
737,12.2833,25
738,12.3000,22
739,12.3167,25
740,12.3333,24
741,12.3500,25
742,12.3667,25
743,12.3833,26
744,12.4000,26
745,12.4167,24
746,12.4333,25
747,12.4500,24
748,12.4667,23
749,12.4833,24
750,12.5000,25
751,12.5167,24
752,12.5333,24
753,12.5500,23
754,12.5667,27
755,12.5833,25
756,12.6000,22
757,12.6167,24
758,12.6333,24
759,12.6500,24
760,12.6667,26
761,12.6833,25
762,12.7000,24
763,12.7167,24
764,12.7333,24
765,12.7500,25
766,12.7667,26
767,12.7833,24
768,12.8000,24
769,12.8167,23
770,12.8333,26
771,12.8500,25
772,12.8667,23
773,12.8833,25
774,12.9000,25
775,12.9167,24
776,12.9333,25
777,12.9500,26
778,12.9667,25
779,12.9833,25
780,13.0000,26
781,13.0167,25
782,13.0333,25
783,13.0500,27
784,13.0667,24
785,13.0833,23
786,13.1000,25
787,13.1167,25
788,13.1333,24
789,13.1500,23
790,13.1667,24
791,13.1833,25
792,13.2000,24
793,13.2167,26
794,13.2333,24
795,13.2500,24
796,13.2667,24
797,13.2833,27
798,13.3000,26
799,13.3167,23
800,13.3333,25
801,13.3500,26
802,13.3667,26
803,13.3833,23
804,13.4000,25
805,13.4167,24
806,13.4333,24
807,13.4500,25
808,13.4667,26
809,13.4833,25
810,13.5000,23
811,13.5167,25
812,13.5333,27
813,13.5500,25
814,13.5667,24
815,13.5833,25
816,13.6000,24
817,13.6167,22
818,13.6333,22
819,13.6500,24
820,13.6667,25
821,13.6833,23
822,13.7000,24
823,13.7167,23
824,13.7333,25
825,13.7500,26
826,13.7667,25
827,13.7833,28
828,13.8000,26
829,13.8167,24
830,13.8333,24
831,13.8500,26
832,13.8667,27
833,13.8833,26
834,13.9000,26
835,13.9167,28
836,13.9333,25
837,13.9500,25
838,13.9667,25
839,13.9833,27
840,14.0000,26
841,14.0167,25
842,14.0333,26
843,14.0500,25
844,14.0667,27
845,14.0833,25
846,14.1000,26
847,14.1167,27
848,14.1333,25
849,14.1500,23
850,14.1667,25
851,14.1833,25
852,14.2000,25
853,14.2167,26
854,14.2333,28
855,14.2500,24
856,14.2667,28
857,14.2833,27
858,14.3000,28
859,14.3167,26
860,14.3333,24
861,14.3500,27
862,14.3667,24
863,14.3833,25
864,14.4000,26
865,14.4167,26
866,14.4333,26
867,14.4500,26
868,14.4667,27
869,14.4833,25
870,14.5000,25
871,14.5167,25
872,14.5333,24
873,14.5500,26
874,14.5667,26
875,14.5833,27
876,14.6000,26
877,14.6167,25
878,14.6333,25
879,14.6500,25
880,14.6667,26
881,14.6833,25
882,14.7000,25
883,14.7167,25
884,14.7333,26
885,14.7500,26
886,14.7667,28
887,14.7833,24
888,14.8000,25
889,14.8167,27
890,14.8333,23
891,14.8500,25
892,14.8667,28
893,14.8833,26
894,14.9000,28
895,14.9167,24
896,14.9333,26
897,14.9500,25
898,14.9667,27
899,14.9833,28
900,15.0000,26
901,15.0167,26
902,15.0333,27
903,15.0500,27
904,15.0667,28
905,15.0833,25
906,15.1000,25
907,15.1167,26
908,15.1333,29
909,15.1500,25
910,15.1667,26
911,15.1833,27
912,15.2000,25
913,15.2167,26
914,15.2333,26
915,15.2500,28
916,15.2667,27
917,15.2833,27
918,15.3000,24
919,15.3167,23
920,15.3333,26
921,15.3500,27
922,15.3667,25
923,15.3833,28
924,15.4000,26
925,15.4167,28
926,15.4333,28
927,15.4500,26
928,15.4667,27
929,15.4833,24
930,15.5000,24
931,15.5167,24
932,15.5333,23
933,15.5500,28
934,15.5667,25
935,15.5833,26
936,15.6000,25
937,15.6167,27
938,15.6333,28
939,15.6500,23
940,15.6667,24
941,15.6833,28
942,15.7000,26
943,15.7167,26
944,15.7333,26
945,15.7500,27
946,15.7667,27
947,15.7833,29
948,15.8000,25
949,15.8167,26
950,15.8333,25
951,15.8500,27
952,15.8667,26
953,15.8833,25
954,15.9000,26
955,15.9167,26
956,15.9333,27
957,15.9500,29
958,15.9667,26
959,15.9833,24
960,16.0000,29
961,16.0167,25
962,16.0333,25
963,16.0500,27
964,16.0667,25
965,16.0833,25
966,16.1000,26
967,16.1167,26
968,16.1333,25
969,16.1500,24
970,16.1667,26
971,16.1833,24
972,16.2000,29
973,16.2167,26
974,16.2333,26
975,16.2500,28
976,16.2667,27
977,16.2833,25
978,16.3000,27
979,16.3167,24
980,16.3333,27
981,16.3500,26
982,16.3667,26
983,16.3833,27
984,16.4000,24
985,16.4167,27
986,16.4333,27
987,16.4500,24
988,16.4667,28
989,16.4833,25
990,16.5000,27
991,16.5167,29
992,16.5333,30
993,16.5500,24
994,16.5667,25
995,16.5833,25
996,16.6000,25
997,16.6167,26
998,16.6333,26
999,16.6500,25
1000,16.6667,26
1001,16.6833,28
1002,16.7000,28
1003,16.7167,27
1004,16.7333,25
1005,16.7500,26
1006,16.7667,25
1007,16.7833,28
1008,16.8000,27
1009,16.8167,29
1010,16.8333,26
1011,16.8500,25
1012,16.8667,25
1013,16.8833,27
1014,16.9000,24
1015,16.9167,25
1016,16.9333,28
1017,16.9500,25
1018,16.9667,27
1019,16.9833,25
1020,17.0000,27
1021,17.0167,26
1022,17.0333,28
1023,17.0500,24
1024,17.0667,29
1025,17.0833,24
1026,17.1000,28
1027,17.1167,27
1028,17.1333,26
1029,17.1500,26
1030,17.1667,27
1031,17.1833,27
1032,17.2000,27
1033,17.2167,27
1034,17.2333,25
1035,17.2500,27
1036,17.2667,27
1037,17.2833,24
1038,17.3000,25
1039,17.3167,23
1040,17.3333,27
1041,17.3500,26
1042,17.3667,25
1043,17.3833,29
1044,17.4000,26
1045,17.4167,24
1046,17.4333,28
1047,17.4500,25
1048,17.4667,30
1049,17.4833,24
1050,17.5000,29
1051,17.5167,26
1052,17.5333,27
1053,17.5500,28
1054,17.5667,25
1055,17.5833,27
1056,17.6000,24
1057,17.6167,26
1058,17.6333,28
1059,17.6500,25
1060,17.6667,25
1061,17.6833,27
1062,17.7000,27
1063,17.7167,25
1064,17.7333,26
1065,17.7500,24
1066,17.7667,27
1067,17.7833,26
1068,17.8000,27
1069,17.8167,27
1070,17.8333,27
1071,17.8500,26
1072,17.8667,25
1073,17.8833,25
1074,17.9000,27
1075,17.9167,25
1076,17.9333,26
1077,17.9500,24
1078,17.9667,26
1079,17.9833,25
1080,18.0000,27
1081,18.0167,24
1082,18.0333,27
1083,18.0500,28
1084,18.0667,27
1085,18.0833,26
1086,18.1000,26
1087,18.1167,24
1088,18.1333,27
1089,18.1500,25
1090,18.1667,28
1091,18.1833,25
1092,18.2000,28
1093,18.2167,28
1094,18.2333,28
1095,18.2500,25
1096,18.2667,28
1097,18.2833,25
1098,18.3000,28
1099,18.3167,27
1100,18.3333,28
1101,18.3500,27
1102,18.3667,24
1103,18.3833,25
1104,18.4000,28
1105,18.4167,25
1106,18.4333,25
1107,18.4500,29
1108,18.4667,24
1109,18.4833,28
1110,18.5000,27
1111,18.5167,28
1112,18.5333,27
1113,18.5500,26
1114,18.5667,28
1115,18.5833,27
1116,18.6000,26
1117,18.6167,27
1118,18.6333,25
1119,18.6500,26
1120,18.6667,25
1121,18.6833,28
1122,18.7000,28
1123,18.7167,27
1124,18.7333,25
1125,18.7500,30
1126,18.7667,27
1127,18.7833,27
1128,18.8000,29
1129,18.8167,27
1130,18.8333,27
1131,18.8500,29
1132,18.8667,27
1133,18.8833,23
1134,18.9000,28
1135,18.9167,24
1136,18.9333,25
1137,18.9500,26
1138,18.9667,28
1139,18.9833,25
1140,19.0000,29
1141,19.0167,26
1142,19.0333,27
1143,19.0500,25
1144,19.0667,28
1145,19.0833,24
1146,19.1000,26
1147,19.1167,27
1148,19.1333,26
1149,19.1500,26
1150,19.1667,26
1151,19.1833,29
1152,19.2000,26
1153,19.2167,24
1154,19.2333,27
1155,19.2500,28
1156,19.2667,28
1157,19.2833,23
1158,19.3000,26
1159,19.3167,25
1160,19.3333,26
1161,19.3500,25
1162,19.3667,25
1163,19.3833,26
1164,19.4000,26
1165,19.4167,27
1166,19.4333,26
1167,19.4500,27
1168,19.4667,27
1169,19.4833,25
1170,19.5000,25
1171,19.5167,26
1172,19.5333,27
1173,19.5500,26
1174,19.5667,27
1175,19.5833,27
1176,19.6000,26
1177,19.6167,28
1178,19.6333,26
1179,19.6500,25
1180,19.6667,25
1181,19.6833,26
1182,19.7000,26
1183,19.7167,27
1184,19.7333,23
1185,19.7500,27
1186,19.7667,25
1187,19.7833,26
1188,19.8000,26
1189,19.8167,26
1190,19.8333,24
1191,19.8500,26
1192,19.8667,27
1193,19.8833,24
1194,19.9000,26
1195,19.9167,27
1196,19.9333,27
1197,19.9500,30
1198,19.9667,25
1199,19.9833,26
1200,20.0000,27
1201,20.0167,26
1202,20.0333,27
1203,20.0500,29
1204,20.0667,25
1205,20.0833,24
1206,20.1000,26
1207,20.1167,26
1208,20.1333,31
1209,20.1500,26
1210,20.1667,26
1211,20.1833,26
1212,20.2000,23
1213,20.2167,26
1214,20.2333,25
1215,20.2500,25
1216,20.2667,28
1217,20.2833,25
1218,20.3000,26
1219,20.3167,27
1220,20.3333,27
1221,20.3500,25
1222,20.3667,28
1223,20.3833,25
1224,20.4000,24
1225,20.4167,28
1226,20.4333,27
1227,20.4500,27
1228,20.4667,26
1229,20.4833,25
1230,20.5000,25
1231,20.5167,29
1232,20.5333,26
1233,20.5500,23
1234,20.5667,26
1235,20.5833,25
1236,20.6000,29
1237,20.6167,25
1238,20.6333,26
1239,20.6500,25
1240,20.6667,28
1241,20.6833,26
1242,20.7000,28
1243,20.7167,23
1244,20.7333,28
1245,20.7500,25
1246,20.7667,27
1247,20.7833,27
1248,20.8000,24
1249,20.8167,26
1250,20.8333,28
1251,20.8500,25
1252,20.8667,24
1253,20.8833,25
1254,20.9000,22
1255,20.9167,27
1256,20.9333,28
1257,20.9500,22
1258,20.9667,29
1259,20.9833,23
1260,21.0000,28
1261,21.0167,25
1262,21.0333,30
1263,21.0500,22
1264,21.0667,26
1265,21.0833,26
1266,21.1000,26
1267,21.1167,24
1268,21.1333,25
1269,21.1500,24
1270,21.1667,26
1271,21.1833,26
1272,21.2000,27
1273,21.2167,25
1274,21.2333,26
1275,21.2500,26
1276,21.2667,22
1277,21.2833,24
1278,21.3000,31
1279,21.3167,25
1280,21.3333,29
1281,21.3500,27
1282,21.3667,25
1283,21.3833,28
1284,21.4000,26
1285,21.4167,25
1286,21.4333,28
1287,21.4500,26
1288,21.4667,25
1289,21.4833,26
1290,21.5000,27
1291,21.5167,28
1292,21.5333,25
1293,21.5500,27
1294,21.5667,26
1295,21.5833,25
1296,21.6000,22
1297,21.6167,25
1298,21.6333,25
1299,21.6500,22
1300,21.6667,26
1301,21.6833,27
1302,21.7000,27
1303,21.7167,24
1304,21.7333,26
1305,21.7500,27
1306,21.7667,25
1307,21.7833,25
1308,21.8000,27
1309,21.8167,28
1310,21.8333,25
1311,21.8500,28
1312,21.8667,28
1313,21.8833,25
1314,21.9000,24
1315,21.9167,26
1316,21.9333,26
1317,21.9500,26
1318,21.9667,25
1319,21.9833,26
1320,22.0000,26
1321,22.0167,25
1322,22.0333,27
1323,22.0500,24
1324,22.0667,26
1325,22.0833,27
1326,22.1000,25
1327,22.1167,26
1328,22.1333,25
1329,22.1500,26
1330,22.1667,26
1331,22.1833,25
1332,22.2000,24
1333,22.2167,25
1334,22.2333,26
1335,22.2500,27
1336,22.2667,24
1337,22.2833,29
1338,22.3000,25
1339,22.3167,27
1340,22.3333,26
1341,22.3500,26
1342,22.3667,27
1343,22.3833,27
1344,22.4000,28
1345,22.4167,25
1346,22.4333,25
1347,22.4500,26
1348,22.4667,26
1349,22.4833,26
1350,22.5000,25
1351,22.5167,24
1352,22.5333,26
1353,22.5500,23
1354,22.5667,27
1355,22.5833,27
1356,22.6000,23
1357,22.6167,27
1358,22.6333,27
1359,22.6500,25
1360,22.6667,27
1361,22.6833,28
1362,22.7000,25
1363,22.7167,26
1364,22.7333,25
1365,22.7500,27
1366,22.7667,26
1367,22.7833,24
1368,22.8000,28
1369,22.8167,24
1370,22.8333,25
1371,22.8500,28
1372,22.8667,23
1373,22.8833,27
1374,22.9000,28
1375,22.9167,26
1376,22.9333,25
1377,22.9500,27
1378,22.9667,26
1379,22.9833,25
1380,23.0000,24
1381,23.0167,30
1382,23.0333,24
1383,23.0500,25
1384,23.0667,24
1385,23.0833,24
1386,23.1000,27
1387,23.1167,26
1388,23.1333,26
1389,23.1500,23
1390,23.1667,30
1391,23.1833,25
1392,23.2000,28
1393,23.2167,23
1394,23.2333,27
1395,23.2500,25
1396,23.2667,26
1397,23.2833,28
1398,23.3000,26
1399,23.3167,27
1400,23.3333,26
1401,23.3500,25
1402,23.3667,27
1403,23.3833,29
1404,23.4000,25
1405,23.4167,27
1406,23.4333,25
1407,23.4500,26
1408,23.4667,26
1409,23.4833,26
1410,23.5000,25
1411,23.5167,26
1412,23.5333,28
1413,23.5500,27
1414,23.5667,26
1415,23.5833,24
1416,23.6000,26
1417,23.6167,25
1418,23.6333,25
1419,23.6500,25
1420,23.6667,25
1421,23.6833,26
1422,23.7000,28
1423,23.7167,27
1424,23.7333,26
1425,23.7500,25
1426,23.7667,27
1427,23.7833,25
1428,23.8000,25
1429,23.8167,27
1430,23.8333,25
1431,23.8500,24
1432,23.8667,24
1433,23.8833,25
1434,23.9000,25
1435,23.9167,27
1436,23.9333,25
1437,23.9500,25
1438,23.9667,24
1439,23.9833,24
1440,24.0000,27
1441,24.0167,24
1442,24.0333,28
1443,24.0500,24
1444,24.0667,25
1445,24.0833,25
1446,24.1000,26
1447,24.1167,24
1448,24.1333,29
1449,24.1500,24
1450,24.1667,24
1451,24.1833,25
1452,24.2000,26
1453,24.2167,24
1454,24.2333,29
1455,24.2500,25
1456,24.2667,28
1457,24.2833,24
1458,24.3000,24
1459,24.3167,24
1460,24.3333,27
1461,24.3500,29
1462,24.3667,25
1463,24.3833,27
1464,24.4000,27
1465,24.4167,27
1466,24.4333,27
1467,24.4500,25
1468,24.4667,26
1469,24.4833,27
1470,24.5000,29
1471,24.5167,24
1472,24.5333,24
1473,24.5500,27
1474,24.5667,24
1475,24.5833,28
1476,24.6000,28
1477,24.6167,23
1478,24.6333,25
1479,24.6500,24
1480,24.6667,25
1481,24.6833,26
1482,24.7000,25
1483,24.7167,25
1484,24.7333,25
1485,24.7500,24
1486,24.7667,26
1487,24.7833,27
1488,24.8000,27
1489,24.8167,25
1490,24.8333,25
1491,24.8500,25
1492,24.8667,24
1493,24.8833,27
1494,24.9000,27
1495,24.9167,23
1496,24.9333,27
1497,24.9500,25
1498,24.9667,25
1499,24.9833,25
1500,25.0000,24
1501,25.0167,25
1502,25.0333,26
1503,25.0500,23
1504,25.0667,23
1505,25.0833,28
1506,25.1000,24
1507,25.1167,25
1508,25.1333,26
1509,25.1500,26
1510,25.1667,24
1511,25.1833,25
1512,25.2000,26
1513,25.2167,28
1514,25.2333,26
1515,25.2500,26
1516,25.2667,24
1517,25.2833,25
1518,25.3000,27
1519,25.3167,25
1520,25.3333,26
1521,25.3500,24
1522,25.3667,23
1523,25.3833,27
1524,25.4000,25
1525,25.4167,24
1526,25.4333,24
1527,25.4500,26
1528,25.4667,24
1529,25.4833,28
1530,25.5000,29
1531,25.5167,27
1532,25.5333,24
1533,25.5500,29
1534,25.5667,26
1535,25.5833,25
1536,25.6000,26
1537,25.6167,25
1538,25.6333,26
1539,25.6500,24
1540,25.6667,26
1541,25.6833,26
1542,25.7000,29
1543,25.7167,26
1544,25.7333,25
1545,25.7500,28
1546,25.7667,26
1547,25.7833,26
1548,25.8000,27
1549,25.8167,26
1550,25.8333,23
1551,25.8500,26
1552,25.8667,23
1553,25.8833,25
1554,25.9000,23
1555,25.9167,26
1556,25.9333,28
1557,25.9500,25
1558,25.9667,26
1559,25.9833,23
1560,26.0000,26
1561,26.0167,27
1562,26.0333,25
1563,26.0500,25
1564,26.0667,23
1565,26.0833,25
1566,26.1000,25
1567,26.1167,26
1568,26.1333,24
1569,26.1500,26
1570,26.1667,27
1571,26.1833,25
1572,26.2000,25
1573,26.2167,27
1574,26.2333,24
1575,26.2500,22
1576,26.2667,24
1577,26.2833,27
1578,26.3000,29
1579,26.3167,26
1580,26.3333,25
1581,26.3500,27
1582,26.3667,25
1583,26.3833,25
1584,26.4000,26
1585,26.4167,27
1586,26.4333,25
1587,26.4500,26
1588,26.4667,26
1589,26.4833,24
1590,26.5000,26
1591,26.5167,26
1592,26.5333,26
1593,26.5500,26
1594,26.5667,26
1595,26.5833,28
1596,26.6000,24
1597,26.6167,26
1598,26.6333,25
1599,26.6500,23
1600,26.6667,26
1601,26.6833,26
1602,26.7000,27
1603,26.7167,25
1604,26.7333,25
1605,26.7500,28
1606,26.7667,27
1607,26.7833,28
1608,26.8000,27
1609,26.8167,25
1610,26.8333,27
1611,26.8500,26
1612,26.8667,25
1613,26.8833,25
1614,26.9000,26
1615,26.9167,24
1616,26.9333,26
1617,26.9500,26
1618,26.9667,27
1619,26.9833,25
1620,27.0000,24
1621,27.0167,24
1622,27.0333,26
1623,27.0500,28
1624,27.0667,27
1625,27.0833,25
1626,27.1000,24
1627,27.1167,24
1628,27.1333,30
1629,27.1500,25
1630,27.1667,25
1631,27.1833,23
1632,27.2000,26
1633,27.2167,28
1634,27.2333,26
1635,27.2500,27
1636,27.2667,26
1637,27.2833,25
1638,27.3000,28
1639,27.3167,25
1640,27.3333,27
1641,27.3500,28
1642,27.3667,28
1643,27.3833,26
1644,27.4000,26
1645,27.4167,27
1646,27.4333,25
1647,27.4500,25
1648,27.4667,26
1649,27.4833,25
1650,27.5000,26
1651,27.5167,25
1652,27.5333,29
1653,27.5500,27
1654,27.5667,24
1655,27.5833,27
1656,27.6000,25
1657,27.6167,24
1658,27.6333,25
1659,27.6500,23
1660,27.6667,23
1661,27.6833,26
1662,27.7000,23
1663,27.7167,24
1664,27.7333,24
1665,27.7500,26
1666,27.7667,25
1667,27.7833,27
1668,27.8000,26
1669,27.8167,26
1670,27.8333,25
1671,27.8500,25
1672,27.8667,24
1673,27.8833,23
1674,27.9000,24
1675,27.9167,27
1676,27.9333,24
1677,27.9500,24
1678,27.9667,24
1679,27.9833,26
1680,28.0000,25
1681,28.0167,25
1682,28.0333,27
1683,28.0500,26
1684,28.0667,26
1685,28.0833,24
1686,28.1000,25
1687,28.1167,26
1688,28.1333,23
1689,28.1500,26
1690,28.1667,27
1691,28.1833,24
1692,28.2000,24
1693,28.2167,23
1694,28.2333,25
1695,28.2500,23
1696,28.2667,25
1697,28.2833,25
1698,28.3000,26
1699,28.3167,24
1700,28.3333,24
1701,28.3500,27
1702,28.3667,24
1703,28.3833,26
1704,28.4000,24
1705,28.4167,23
1706,28.4333,28
1707,28.4500,27
1708,28.4667,25
1709,28.4833,24
1710,28.5000,25
1711,28.5167,24
1712,28.5333,23
1713,28.5500,25
1714,28.5667,27
1715,28.5833,24
1716,28.6000,26
1717,28.6167,25
1718,28.6333,25
1719,28.6500,24
1720,28.6667,26
1721,28.6833,25
1722,28.7000,25
1723,28.7167,25
1724,28.7333,28
1725,28.7500,22
1726,28.7667,26
1727,28.7833,24
1728,28.8000,26
1729,28.8167,24
1730,28.8333,26
1731,28.8500,25
1732,28.8667,26
1733,28.8833,28
1734,28.9000,24
1735,28.9167,24
1736,28.9333,27
1737,28.9500,25
1738,28.9667,24
1739,28.9833,23
1740,29.0000,24
1741,29.0167,27
1742,29.0333,23
1743,29.0500,25
1744,29.0667,24
1745,29.0833,27
1746,29.1000,22
1747,29.1167,24
1748,29.1333,26
1749,29.1500,27
1750,29.1667,25
1751,29.1833,26
1752,29.2000,24
1753,29.2167,25
1754,29.2333,30
1755,29.2500,24
1756,29.2667,27
1757,29.2833,25
1758,29.3000,23
1759,29.3167,24
1760,29.3333,24
1761,29.3500,26
1762,29.3667,24
1763,29.3833,27
1764,29.4000,25
1765,29.4167,23
1766,29.4333,27
1767,29.4500,22
1768,29.4667,25
1769,29.4833,26
1770,29.5000,26
1771,29.5167,26
1772,29.5333,24
1773,29.5500,27
1774,29.5667,25
1775,29.5833,23
1776,29.6000,23
1777,29.6167,25
1778,29.6333,25
1779,29.6500,27
1780,29.6667,26
1781,29.6833,26
1782,29.7000,24
1783,29.7167,25
1784,29.7333,28
1785,29.7500,28
1786,29.7667,24
1787,29.7833,27
1788,29.8000,25
1789,29.8167,25
1790,29.8333,25
1791,29.8500,24
1792,29.8667,23
1793,29.8833,25
1794,29.9000,26
1795,29.9167,24
1796,29.9333,25
1797,29.9500,24
1798,29.9667,29
1799,29.9833,25
1800,30.0000,26
1801,30.0167,26
1802,30.0333,27
1803,30.0500,27
1804,30.0667,26
1805,30.0833,26
1806,30.1000,28
1807,30.1167,27
1808,30.1333,27
1809,30.1500,27
1810,30.1667,24
1811,30.1833,27
1812,30.2000,28
1813,30.2167,24
1814,30.2333,25
1815,30.2500,25
1816,30.2667,22
1817,30.2833,25
1818,30.3000,25
1819,30.3167,24
1820,30.3333,25
1821,30.3500,30
1822,30.3667,24
1823,30.3833,24
1824,30.4000,28
1825,30.4167,24
1826,30.4333,26
1827,30.4500,25
1828,30.4667,27
1829,30.4833,26
1830,30.5000,26
1831,30.5167,23
1832,30.5333,25
1833,30.5500,27
1834,30.5667,27
1835,30.5833,24
1836,30.6000,24
1837,30.6167,25
1838,30.6333,24
1839,30.6500,25
1840,30.6667,25
1841,30.6833,25
1842,30.7000,23
1843,30.7167,25
1844,30.7333,24
1845,30.7500,25
1846,30.7667,26
1847,30.7833,25
1848,30.8000,25
1849,30.8167,23
1850,30.8333,25
1851,30.8500,26
1852,30.8667,26
1853,30.8833,23
1854,30.9000,28
1855,30.9167,24
1856,30.9333,24
1857,30.9500,26
1858,30.9667,29
1859,30.9833,26
1860,31.0000,23
1861,31.0167,26
1862,31.0333,24
1863,31.0500,27
1864,31.0667,23
1865,31.0833,25
1866,31.1000,24
1867,31.1167,23
1868,31.1333,25
1869,31.1500,22
1870,31.1667,23
1871,31.1833,24
1872,31.2000,26
1873,31.2167,24
1874,31.2333,27
1875,31.2500,24
1876,31.2667,22
1877,31.2833,25
1878,31.3000,25
1879,31.3167,28
1880,31.3333,26
1881,31.3500,26
1882,31.3667,26
1883,31.3833,24
1884,31.4000,25
1885,31.4167,26
1886,31.4333,24
1887,31.4500,23
1888,31.4667,24
1889,31.4833,25
1890,31.5000,25
1891,31.5167,24
1892,31.5333,28
1893,31.5500,26
1894,31.5667,25
1895,31.5833,25
1896,31.6000,24
1897,31.6167,24
1898,31.6333,26
1899,31.6500,26
1900,31.6667,25
1901,31.6833,31
1902,31.7000,24
1903,31.7167,25
1904,31.7333,27
1905,31.7500,25
1906,31.7667,24
1907,31.7833,24
1908,31.8000,25
1909,31.8167,27
1910,31.8333,25
1911,31.8500,27
1912,31.8667,25
1913,31.8833,27
1914,31.9000,24
1915,31.9167,25
1916,31.9333,26
1917,31.9500,28
1918,31.9667,25
1919,31.9833,23
1920,32.0000,24
1921,32.0167,23
1922,32.0333,24
1923,32.0500,23
1924,32.0667,24
1925,32.0833,24
1926,32.1000,28
1927,32.1167,25
1928,32.1333,25
1929,32.1500,25
1930,32.1667,25
1931,32.1833,23
1932,32.2000,26
1933,32.2167,25
1934,32.2333,24
1935,32.2500,24
1936,32.2667,25
1937,32.2833,24
1938,32.3000,23
1939,32.3167,24
1940,32.3333,24
1941,32.3500,25
1942,32.3667,23
1943,32.3833,26
1944,32.4000,25
1945,32.4167,23
1946,32.4333,24
1947,32.4500,25
1948,32.4667,25
1949,32.4833,26
1950,32.5000,23
1951,32.5167,25
1952,32.5333,28
1953,32.5500,25
1954,32.5667,27
1955,32.5833,26
1956,32.6000,25
1957,32.6167,26
1958,32.6333,25
1959,32.6500,26
1960,32.6667,25
1961,32.6833,26
1962,32.7000,26
1963,32.7167,25
1964,32.7333,27
1965,32.7500,24
1966,32.7667,24
1967,32.7833,26
1968,32.8000,25
1969,32.8167,24
1970,32.8333,24
1971,32.8500,27
1972,32.8667,25
1973,32.8833,26
1974,32.9000,26
1975,32.9167,25
1976,32.9333,25
1977,32.9500,24
1978,32.9667,27
1979,32.9833,25
1980,33.0000,25
1981,33.0167,27
1982,33.0333,26
1983,33.0500,25
1984,33.0667,26
1985,33.0833,27
1986,33.1000,26
1987,33.1167,24
1988,33.1333,26
1989,33.1500,24
1990,33.1667,24
1991,33.1833,26
1992,33.2000,27
1993,33.2167,24
1994,33.2333,24
1995,33.2500,25
1996,33.2667,26
1997,33.2833,26
1998,33.3000,25
1999,33.3167,25
2000,33.3333,25
2001,33.3500,24
2002,33.3667,26
2003,33.3833,25
2004,33.4000,25
2005,33.4167,26
2006,33.4333,24
2007,33.4500,31
2008,33.4667,26
2009,33.4833,27
2010,33.5000,25
2011,33.5167,25
2012,33.5333,24
2013,33.5500,25
2014,33.5667,26
2015,33.5833,23
2016,33.6000,25
2017,33.6167,28
2018,33.6333,24
2019,33.6500,26
2020,33.6667,27
2021,33.6833,26
2022,33.7000,24
2023,33.7167,25
2024,33.7333,25
2025,33.7500,26
2026,33.7667,26
2027,33.7833,28
2028,33.8000,26
2029,33.8167,25
2030,33.8333,23
2031,33.8500,28
2032,33.8667,23
2033,33.8833,25
2034,33.9000,27
2035,33.9167,27
2036,33.9333,24
2037,33.9500,27
2038,33.9667,23
2039,33.9833,26
2040,34.0000,24
2041,34.0167,25
2042,34.0333,23
2043,34.0500,23
2044,34.0667,24
2045,34.0833,25
2046,34.1000,25
2047,34.1167,26
2048,34.1333,24
2049,34.1500,24
2050,34.1667,25
2051,34.1833,25
2052,34.2000,26
2053,34.2167,25
2054,34.2333,27
2055,34.2500,23
2056,34.2667,26
2057,34.2833,26
2058,34.3000,27
2059,34.3167,26
2060,34.3333,26
2061,34.3500,26
2062,34.3667,24
2063,34.3833,24
2064,34.4000,25
2065,34.4167,26
2066,34.4333,26
2067,34.4500,26
2068,34.4667,25
2069,34.4833,24
2070,34.5000,24
2071,34.5167,26
2072,34.5333,26
2073,34.5500,26
2074,34.5667,26
2075,34.5833,25
2076,34.6000,26
2077,34.6167,26
2078,34.6333,26
2079,34.6500,28
2080,34.6667,24
2081,34.6833,25
2082,34.7000,25
2083,34.7167,24
2084,34.7333,27
2085,34.7500,25
2086,34.7667,23
2087,34.7833,24
2088,34.8000,25
2089,34.8167,25
2090,34.8333,24
2091,34.8500,26
2092,34.8667,26
2093,34.8833,26
2094,34.9000,25
2095,34.9167,26
2096,34.9333,23
2097,34.9500,24
2098,34.9667,24
2099,34.9833,24
2100,35.0000,24
2101,35.0167,25
2102,35.0333,26
2103,35.0500,24
2104,35.0667,27
2105,35.0833,23
2106,35.1000,25
2107,35.1167,24
2108,35.1333,25
2109,35.1500,25
2110,35.1667,24
2111,35.1833,24
2112,35.2000,25
2113,35.2167,24
2114,35.2333,26
2115,35.2500,28
2116,35.2667,24
2117,35.2833,25
2118,35.3000,24
2119,35.3167,25
2120,35.3333,27
2121,35.3500,24
2122,35.3667,26
2123,35.3833,23
2124,35.4000,25
2125,35.4167,25
2126,35.4333,26
2127,35.4500,28
2128,35.4667,23
2129,35.4833,27
2130,35.5000,26
2131,35.5167,26
2132,35.5333,25
2133,35.5500,27
2134,35.5667,25
2135,35.5833,27
2136,35.6000,26
2137,35.6167,26
2138,35.6333,28
2139,35.6500,23
2140,35.6667,24
2141,35.6833,27
2142,35.7000,24
2143,35.7167,26
2144,35.7333,26
2145,35.7500,25
2146,35.7667,23
2147,35.7833,26
2148,35.8000,24
2149,35.8167,24
2150,35.8333,24
2151,35.8500,26
2152,35.8667,25
2153,35.8833,27
2154,35.9000,25
2155,35.9167,27
2156,35.9333,26
2157,35.9500,25
2158,35.9667,27
2159,35.9833,26
2160,36.0000,23
2161,36.0167,25
2162,36.0333,24
2163,36.0500,26
2164,36.0667,25
2165,36.0833,29
2166,36.1000,25
2167,36.1167,25
2168,36.1333,26
2169,36.1500,24
2170,36.1667,28
2171,36.1833,23
2172,36.2000,25
2173,36.2167,26
2174,36.2333,25
2175,36.2500,25
2176,36.2667,25
2177,36.2833,26
2178,36.3000,25
2179,36.3167,24
2180,36.3333,25
2181,36.3500,25
2182,36.3667,25
2183,36.3833,25
2184,36.4000,25
2185,36.4167,24
2186,36.4333,28
2187,36.4500,26
2188,36.4667,24
2189,36.4833,27
2190,36.5000,24
2191,36.5167,26
2192,36.5333,27
2193,36.5500,26
2194,36.5667,29
2195,36.5833,22
2196,36.6000,24
2197,36.6167,23
2198,36.6333,25
2199,36.6500,25
2200,36.6667,24
2201,36.6833,25
2202,36.7000,27
2203,36.7167,28
2204,36.7333,24
2205,36.7500,25
2206,36.7667,29
2207,36.7833,25
2208,36.8000,25
2209,36.8167,24
2210,36.8333,26
2211,36.8500,24
2212,36.8667,26
2213,36.8833,27
2214,36.9000,24
2215,36.9167,26
2216,36.9333,25
2217,36.9500,24
2218,36.9667,26
2219,36.9833,22
2220,37.0000,26
2221,37.0167,22
2222,37.0333,26
2223,37.0500,26
2224,37.0667,24
2225,37.0833,26
2226,37.1000,25
2227,37.1167,26
2228,37.1333,26
2229,37.1500,24
2230,37.1667,26
2231,37.1833,22
2232,37.2000,24
2233,37.2167,26
2234,37.2333,22
2235,37.2500,24
2236,37.2667,24
2237,37.2833,24
2238,37.3000,26
2239,37.3167,30
2240,37.3333,25
2241,37.3500,24
2242,37.3667,24
2243,37.3833,25
2244,37.4000,22
2245,37.4167,24
2246,37.4333,25
2247,37.4500,25
2248,37.4667,25
2249,37.4833,24
2250,37.5000,26
2251,37.5167,25
2252,37.5333,26
2253,37.5500,25
2254,37.5667,27
2255,37.5833,24
2256,37.6000,25
2257,37.6167,24
2258,37.6333,25
2259,37.6500,26
2260,37.6667,25
2261,37.6833,25
2262,37.7000,24
2263,37.7167,23
2264,37.7333,26
2265,37.7500,24
2266,37.7667,26
2267,37.7833,25
2268,37.8000,27
2269,37.8167,26
2270,37.8333,23
2271,37.8500,24
2272,37.8667,22
2273,37.8833,24
2274,37.9000,23
2275,37.9167,26
2276,37.9333,26
2277,37.9500,24
2278,37.9667,24
2279,37.9833,25
2280,38.0000,24
2281,38.0167,24
2282,38.0333,24
2283,38.0500,22
2284,38.0667,24
2285,38.0833,23
2286,38.1000,24
2287,38.1167,24
2288,38.1333,24
2289,38.1500,24
2290,38.1667,24
2291,38.1833,23
2292,38.2000,25
2293,38.2167,24
2294,38.2333,24
2295,38.2500,24
2296,38.2667,23
2297,38.2833,26
2298,38.3000,25
2299,38.3167,23
2300,38.3333,27
2301,38.3500,27
2302,38.3667,25
2303,38.3833,26
2304,38.4000,25
2305,38.4167,25
2306,38.4333,24
2307,38.4500,24
2308,38.4667,21
2309,38.4833,23
2310,38.5000,27
2311,38.5167,24
2312,38.5333,25
2313,38.5500,24
2314,38.5667,24
2315,38.5833,27
2316,38.6000,24
2317,38.6167,25
2318,38.6333,27
2319,38.6500,23
2320,38.6667,25
2321,38.6833,26
2322,38.7000,26
2323,38.7167,24
2324,38.7333,25
2325,38.7500,28
2326,38.7667,25
2327,38.7833,29
2328,38.8000,24
2329,38.8167,25
2330,38.8333,24
2331,38.8500,24
2332,38.8667,23
2333,38.8833,24
2334,38.9000,25
2335,38.9167,26
2336,38.9333,24
2337,38.9500,28
2338,38.9667,26
2339,38.9833,25
2340,39.0000,24
2341,39.0167,25
2342,39.0333,26
2343,39.0500,25
2344,39.0667,24
2345,39.0833,26
2346,39.1000,26
2347,39.1167,23
2348,39.1333,25
2349,39.1500,27
2350,39.1667,26
2351,39.1833,25
2352,39.2000,26
2353,39.2167,26
2354,39.2333,25
2355,39.2500,28
2356,39.2667,25
2357,39.2833,24
2358,39.3000,26
2359,39.3167,25
2360,39.3333,24
2361,39.3500,23
2362,39.3667,26
2363,39.3833,26
2364,39.4000,25
2365,39.4167,25
2366,39.4333,26
2367,39.4500,24
2368,39.4667,22
2369,39.4833,28
2370,39.5000,25
2371,39.5167,25
2372,39.5333,24
2373,39.5500,25
2374,39.5667,25
2375,39.5833,27
2376,39.6000,26
2377,39.6167,27
2378,39.6333,23
2379,39.6500,23
2380,39.6667,28
2381,39.6833,25
2382,39.7000,24
2383,39.7167,25
2384,39.7333,24
2385,39.7500,26
2386,39.7667,26
2387,39.7833,27
2388,39.8000,24
2389,39.8167,23
2390,39.8333,25
2391,39.8500,25
2392,39.8667,26
2393,39.8833,26
2394,39.9000,26
2395,39.9167,27
2396,39.9333,31
2397,39.9500,27
2398,39.9667,31
2399,39.9833,25
2400,40.0000,25
2401,40.0167,27
2402,40.0333,25
2403,40.0500,24
2404,40.0667,27
2405,40.0833,25
2406,40.1000,26
2407,40.1167,27
2408,40.1333,29
2409,40.1500,25
2410,40.1667,24
2411,40.1833,28
2412,40.2000,26
2413,40.2167,25
2414,40.2333,26
2415,40.2500,29
2416,40.2667,26
2417,40.2833,27
2418,40.3000,28
2419,40.3167,25
2420,40.3333,28
2421,40.3500,28
2422,40.3667,27
2423,40.3833,24
2424,40.4000,28
2425,40.4167,31
2426,40.4333,25
2427,40.4500,25
2428,40.4667,26
2429,40.4833,25
2430,40.5000,28
2431,40.5167,25
2432,40.5333,25
2433,40.5500,27
2434,40.5667,29
2435,40.5833,25
2436,40.6000,28
2437,40.6167,26
2438,40.6333,26
2439,40.6500,29
2440,40.6667,26
2441,40.6833,27
2442,40.7000,24
2443,40.7167,30
2444,40.7333,25
2445,40.7500,25
2446,40.7667,25
2447,40.7833,27
2448,40.8000,27
2449,40.8167,28
2450,40.8333,26
2451,40.8500,29
2452,40.8667,26
2453,40.8833,28
2454,40.9000,28
2455,40.9167,25
2456,40.9333,25
2457,40.9500,28
2458,40.9667,27
2459,40.9833,27
2460,41.0000,29
2461,41.0167,27
2462,41.0333,24
2463,41.0500,27
2464,41.0667,23
2465,41.0833,28
2466,41.1000,28
2467,41.1167,28
2468,41.1333,31
2469,41.1500,25
2470,41.1667,27
2471,41.1833,28
2472,41.2000,23
2473,41.2167,26
2474,41.2333,26
2475,41.2500,27
2476,41.2667,27
2477,41.2833,25
2478,41.3000,28
2479,41.3167,24
2480,41.3333,27
2481,41.3500,30
2482,41.3667,27
2483,41.3833,28
2484,41.4000,30
2485,41.4167,28
2486,41.4333,25
2487,41.4500,25
2488,41.4667,27
2489,41.4833,26
2490,41.5000,26
2491,41.5167,25
2492,41.5333,29
2493,41.5500,28
2494,41.5667,27
2495,41.5833,26
2496,41.6000,27
2497,41.6167,29
2498,41.6333,27
2499,41.6500,26
2500,41.6667,25
2501,41.6833,28
2502,41.7000,27
2503,41.7167,27
2504,41.7333,26
2505,41.7500,28
2506,41.7667,28
2507,41.7833,25
2508,41.8000,31
2509,41.8167,24
2510,41.8333,28
2511,41.8500,25
2512,41.8667,30
2513,41.8833,25
2514,41.9000,27
2515,41.9167,27
2516,41.9333,25
2517,41.9500,27
2518,41.9667,28
2519,41.9833,30
2520,42.0000,25
2521,42.0167,29
2522,42.0333,27
2523,42.0500,29
2524,42.0667,24
2525,42.0833,24
2526,42.1000,29
2527,42.1167,26
2528,42.1333,25
2529,42.1500,25
2530,42.1667,28
2531,42.1833,24
2532,42.2000,26
2533,42.2167,28
2534,42.2333,25
2535,42.2500,26
2536,42.2667,28
2537,42.2833,25
2538,42.3000,27
2539,42.3167,26
2540,42.3333,24
2541,42.3500,26
2542,42.3667,28
2543,42.3833,27
2544,42.4000,28
2545,42.4167,25
2546,42.4333,28
2547,42.4500,27
2548,42.4667,25
2549,42.4833,32
2550,42.5000,23
2551,42.5167,25
2552,42.5333,28
2553,42.5500,22
2554,42.5667,26
2555,42.5833,25
2556,42.6000,26
2557,42.6167,28
2558,42.6333,27
2559,42.6500,27
2560,42.6667,26
2561,42.6833,28
2562,42.7000,23
2563,42.7167,28
2564,42.7333,27
2565,42.7500,26
2566,42.7667,24
2567,42.7833,24
2568,42.8000,30
2569,42.8167,26
2570,42.8333,27
2571,42.8500,26
2572,42.8667,29
2573,42.8833,27
2574,42.9000,25
2575,42.9167,26
2576,42.9333,27
2577,42.9500,28
2578,42.9667,25
2579,42.9833,32
2580,43.0000,26
2581,43.0167,27
2582,43.0333,31
2583,43.0500,23
2584,43.0667,26
2585,43.0833,28
2586,43.1000,27
2587,43.1167,25
2588,43.1333,29
2589,43.1500,24
2590,43.1667,26
2591,43.1833,25
2592,43.2000,24
2593,43.2167,25
2594,43.2333,26
2595,43.2500,23
2596,43.2667,26
2597,43.2833,24
2598,43.3000,28
2599,43.3167,27
2600,43.3333,26
2601,43.3500,26
2602,43.3667,26
2603,43.3833,27
2604,43.4000,24
2605,43.4167,26
2606,43.4333,24
2607,43.4500,27
2608,43.4667,26
2609,43.4833,29
2610,43.5000,23
2611,43.5167,24
2612,43.5333,24
2613,43.5500,29
2614,43.5667,25
2615,43.5833,27
2616,43.6000,26
2617,43.6167,27
2618,43.6333,26
2619,43.6500,27
2620,43.6667,26
2621,43.6833,30
2622,43.7000,28
2623,43.7167,23
2624,43.7333,27
2625,43.7500,26
2626,43.7667,27
2627,43.7833,30
2628,43.8000,24
2629,43.8167,26
2630,43.8333,24
2631,43.8500,30
2632,43.8667,26
2633,43.8833,26
2634,43.9000,24
2635,43.9167,29
2636,43.9333,26
2637,43.9500,30
2638,43.9667,23
2639,43.9833,23
2640,44.0000,23
2641,44.0167,29
2642,44.0333,23
2643,44.0500,26
2644,44.0667,29
2645,44.0833,27
2646,44.1000,27
2647,44.1167,29
2648,44.1333,24
2649,44.1500,25
2650,44.1667,26
2651,44.1833,27
2652,44.2000,24
2653,44.2167,23
2654,44.2333,25
2655,44.2500,27
2656,44.2667,28
2657,44.2833,22
2658,44.3000,26
2659,44.3167,27
2660,44.3333,26
2661,44.3500,28
2662,44.3667,25
2663,44.3833,25
2664,44.4000,27
2665,44.4167,26
2666,44.4333,25
2667,44.4500,25
2668,44.4667,27
2669,44.4833,24
2670,44.5000,28
2671,44.5167,25
2672,44.5333,27
2673,44.5500,26
2674,44.5667,25
2675,44.5833,26
2676,44.6000,26
2677,44.6167,30
2678,44.6333,26
2679,44.6500,30
2680,44.6667,24
2681,44.6833,27
2682,44.7000,24
2683,44.7167,28
2684,44.7333,24
2685,44.7500,28
2686,44.7667,25
2687,44.7833,24
2688,44.8000,28
2689,44.8167,29
2690,44.8333,27
2691,44.8500,24
2692,44.8667,27
2693,44.8833,28
2694,44.9000,28
2695,44.9167,26
2696,44.9333,23
2697,44.9500,30
2698,44.9667,28
2699,44.9833,24
2700,45.0000,26
2701,45.0167,26
2702,45.0333,25
2703,45.0500,25
2704,45.0667,25
2705,45.0833,28
2706,45.1000,27
2707,45.1167,27
2708,45.1333,27
2709,45.1500,26
2710,45.1667,26
2711,45.1833,26
2712,45.2000,28
2713,45.2167,23
2714,45.2333,27
2715,45.2500,27
2716,45.2667,25
2717,45.2833,25
2718,45.3000,25
2719,45.3167,27
2720,45.3333,28
2721,45.3500,26
2722,45.3667,27
2723,45.3833,26
2724,45.4000,24
2725,45.4167,29
2726,45.4333,26
2727,45.4500,25
2728,45.4667,28
2729,45.4833,25
2730,45.5000,27
2731,45.5167,28
2732,45.5333,27
2733,45.5500,24
2734,45.5667,25
2735,45.5833,26
2736,45.6000,27
2737,45.6167,26
2738,45.6333,25
2739,45.6500,27
2740,45.6667,26
2741,45.6833,26
2742,45.7000,26
2743,45.7167,28
2744,45.7333,27
2745,45.7500,27
2746,45.7667,26
2747,45.7833,25
2748,45.8000,28
2749,45.8167,24
2750,45.8333,26
2751,45.8500,24
2752,45.8667,25
2753,45.8833,29
2754,45.9000,24
2755,45.9167,23
2756,45.9333,29
2757,45.9500,24
2758,45.9667,27
2759,45.9833,24
2760,46.0000,27
2761,46.0167,27
2762,46.0333,28
2763,46.0500,26
2764,46.0667,25
2765,46.0833,27
2766,46.1000,25
2767,46.1167,27
2768,46.1333,25
2769,46.1500,26
2770,46.1667,24
2771,46.1833,28
2772,46.2000,25
2773,46.2167,24
2774,46.2333,26
2775,46.2500,23
2776,46.2667,29
2777,46.2833,28
2778,46.3000,22
2779,46.3167,27
2780,46.3333,25
2781,46.3500,25
2782,46.3667,31
2783,46.3833,24
2784,46.4000,27
2785,46.4167,24
2786,46.4333,26
2787,46.4500,26
2788,46.4667,26
2789,46.4833,22
2790,46.5000,29
2791,46.5167,26
2792,46.5333,24
2793,46.5500,25
2794,46.5667,26
2795,46.5833,25
2796,46.6000,26
2797,46.6167,24
2798,46.6333,24
2799,46.6500,26
2800,46.6667,25
2801,46.6833,26
2802,46.7000,26
2803,46.7167,27
2804,46.7333,27
2805,46.7500,27
2806,46.7667,23
2807,46.7833,24
2808,46.8000,24
2809,46.8167,30
2810,46.8333,24
2811,46.8500,30
2812,46.8667,26
2813,46.8833,24
2814,46.9000,27
2815,46.9167,27
2816,46.9333,25
2817,46.9500,26
2818,46.9667,27
2819,46.9833,24
2820,47.0000,25
2821,47.0167,23
2822,47.0333,29
2823,47.0500,26
2824,47.0667,27
2825,47.0833,25
2826,47.1000,27
2827,47.1167,25
2828,47.1333,28
2829,47.1500,25
2830,47.1667,25
2831,47.1833,26
2832,47.2000,27
2833,47.2167,25
2834,47.2333,23
2835,47.2500,29
2836,47.2667,25
2837,47.2833,27
2838,47.3000,25
2839,47.3167,26
2840,47.3333,27
2841,47.3500,27
2842,47.3667,24
2843,47.3833,26
2844,47.4000,28
2845,47.4167,25
2846,47.4333,25
2847,47.4500,25
2848,47.4667,26
2849,47.4833,23
2850,47.5000,28
2851,47.5167,27
2852,47.5333,25
2853,47.5500,26
2854,47.5667,27
2855,47.5833,22
2856,47.6000,27
2857,47.6167,25
2858,47.6333,23
2859,47.6500,27
2860,47.6667,25
2861,47.6833,27
2862,47.7000,22
2863,47.7167,28
2864,47.7333,27
2865,47.7500,23
2866,47.7667,26
2867,47.7833,25
2868,47.8000,24
2869,47.8167,24
2870,47.8333,25
2871,47.8500,28
2872,47.8667,24
2873,47.8833,29
2874,47.9000,24
2875,47.9167,26
2876,47.9333,25
2877,47.9500,26
2878,47.9667,28
2879,47.9833,27
2880,48.0000,29
2881,48.0167,27
2882,48.0333,28
2883,48.0500,27
2884,48.0667,26
2885,48.0833,28
2886,48.1000,26
2887,48.1167,28
2888,48.1333,24
2889,48.1500,27
2890,48.1667,26
2891,48.1833,26
2892,48.2000,25
2893,48.2167,27
2894,48.2333,29
2895,48.2500,22
2896,48.2667,29
2897,48.2833,26
2898,48.3000,27
2899,48.3167,25
2900,48.3333,26
2901,48.3500,24
2902,48.3667,26
2903,48.3833,26
2904,48.4000,32
2905,48.4167,28
2906,48.4333,23
2907,48.4500,26
2908,48.4667,24
2909,48.4833,29
2910,48.5000,28
2911,48.5167,21
2912,48.5333,29
2913,48.5500,26
2914,48.5667,26
2915,48.5833,25
2916,48.6000,27
2917,48.6167,24
2918,48.6333,29
2919,48.6500,26
2920,48.6667,28
2921,48.6833,29
2922,48.7000,24
2923,48.7167,27
2924,48.7333,26
2925,48.7500,25
2926,48.7667,26
2927,48.7833,28
2928,48.8000,27
2929,48.8167,28
2930,48.8333,27
2931,48.8500,28
2932,48.8667,28
2933,48.8833,24
2934,48.9000,26
2935,48.9167,25
2936,48.9333,30
2937,48.9500,28
2938,48.9667,26
2939,48.9833,24
2940,49.0000,25
2941,49.0167,30
2942,49.0333,28
2943,49.0500,25
2944,49.0667,29
2945,49.0833,24
2946,49.1000,30
2947,49.1167,25
2948,49.1333,25
2949,49.1500,26
2950,49.1667,24
2951,49.1833,28
2952,49.2000,23
2953,49.2167,29
2954,49.2333,24
2955,49.2500,25
2956,49.2667,24
2957,49.2833,23
2958,49.3000,26
2959,49.3167,26
2960,49.3333,27
2961,49.3500,25
2962,49.3667,24
2963,49.3833,24
2964,49.4000,24
2965,49.4167,25
2966,49.4333,26
2967,49.4500,25
2968,49.4667,27
2969,49.4833,26
2970,49.5000,26
2971,49.5167,26
2972,49.5333,26
2973,49.5500,25
2974,49.5667,28
2975,49.5833,27
2976,49.6000,27
2977,49.6167,24
2978,49.6333,26
2979,49.6500,25
2980,49.6667,27
2981,49.6833,24
2982,49.7000,24
2983,49.7167,26
2984,49.7333,27
2985,49.7500,28
2986,49.7667,26
2987,49.7833,25
2988,49.8000,23
2989,49.8167,28
2990,49.8333,27
2991,49.8500,21
2992,49.8667,29
2993,49.8833,24
2994,49.9000,25
2995,49.9167,27
2996,49.9333,24
2997,49.9500,28
2998,49.9667,27
2999,49.9833,30
3000,50.0000,26
3001,50.0167,28
3002,50.0333,26
3003,50.0500,25
3004,50.0667,29
3005,50.0833,25
3006,50.1000,26
3007,50.1167,26
3008,50.1333,27
3009,50.1500,25
3010,50.1667,23
3011,50.1833,27
3012,50.2000,28
3013,50.2167,27
3014,50.2333,28
3015,50.2500,23
3016,50.2667,26
3017,50.2833,24
3018,50.3000,26
3019,50.3167,28
3020,50.3333,24
3021,50.3500,26
3022,50.3667,26
3023,50.3833,27
3024,50.4000,27
3025,50.4167,25
3026,50.4333,27
3027,50.4500,25
3028,50.4667,29
3029,50.4833,23
3030,50.5000,25
3031,50.5167,22
3032,50.5333,23
3033,50.5500,23
3034,50.5667,25
3035,50.5833,27
3036,50.6000,26
3037,50.6167,25
3038,50.6333,26
3039,50.6500,23
3040,50.6667,28
3041,50.6833,24
3042,50.7000,25
3043,50.7167,27
3044,50.7333,21
3045,50.7500,26
3046,50.7667,24
3047,50.7833,26
3048,50.8000,26
3049,50.8167,24
3050,50.8333,27
3051,50.8500,28
3052,50.8667,24
3053,50.8833,24
3054,50.9000,23
3055,50.9167,26
3056,50.9333,26
3057,50.9500,25
3058,50.9667,27
3059,50.9833,26
3060,51.0000,24
3061,51.0167,25
3062,51.0333,28
3063,51.0500,26
3064,51.0667,24
3065,51.0833,25
3066,51.1000,24
3067,51.1167,22
3068,51.1333,27
3069,51.1500,25
3070,51.1667,25
3071,51.1833,23
3072,51.2000,27
3073,51.2167,23
3074,51.2333,27
3075,51.2500,25
3076,51.2667,25
3077,51.2833,24
3078,51.3000,31
3079,51.3167,24
3080,51.3333,27
3081,51.3500,23
3082,51.3667,27
3083,51.3833,25
3084,51.4000,27
3085,51.4167,23
3086,51.4333,24
3087,51.4500,26
3088,51.4667,27
3089,51.4833,26
3090,51.5000,25
3091,51.5167,23
3092,51.5333,27
3093,51.5500,28
3094,51.5667,25
3095,51.5833,24
3096,51.6000,25
3097,51.6167,27
3098,51.6333,25
3099,51.6500,24
3100,51.6667,26
3101,51.6833,23
3102,51.7000,26
3103,51.7167,26
3104,51.7333,25
3105,51.7500,27
3106,51.7667,23
3107,51.7833,25
3108,51.8000,26
3109,51.8167,28
3110,51.8333,23
3111,51.8500,25
3112,51.8667,25
3113,51.8833,26
3114,51.9000,26
3115,51.9167,24
3116,51.9333,23
3117,51.9500,28
3118,51.9667,24
3119,51.9833,25
3120,52.0000,25
3121,52.0167,26
3122,52.0333,27
3123,52.0500,26
3124,52.0667,26
3125,52.0833,23
3126,52.1000,26
3127,52.1167,27
3128,52.1333,27
3129,52.1500,23
3130,52.1667,28
3131,52.1833,24
3132,52.2000,27
3133,52.2167,25
3134,52.2333,27
3135,52.2500,24
3136,52.2667,29
3137,52.2833,23
3138,52.3000,24
3139,52.3167,29
3140,52.3333,24
3141,52.3500,25
3142,52.3667,23
3143,52.3833,29
3144,52.4000,25
3145,52.4167,27
3146,52.4333,24
3147,52.4500,25
3148,52.4667,26
3149,52.4833,27
3150,52.5000,28
3151,52.5167,24
3152,52.5333,24
3153,52.5500,27
3154,52.5667,26
3155,52.5833,24
3156,52.6000,28
3157,52.6167,25
3158,52.6333,26
3159,52.6500,25
3160,52.6667,25
3161,52.6833,27
3162,52.7000,24
3163,52.7167,28
3164,52.7333,24
3165,52.7500,26
3166,52.7667,26
3167,52.7833,25
3168,52.8000,26
3169,52.8167,23
3170,52.8333,29
3171,52.8500,25
3172,52.8667,27
3173,52.8833,24
3174,52.9000,24
3175,52.9167,24
3176,52.9333,25
3177,52.9500,25
3178,52.9667,22
3179,52.9833,29
3180,53.0000,22
3181,53.0167,26
3182,53.0333,25
3183,53.0500,24
3184,53.0667,25
3185,53.0833,27
3186,53.1000,22
3187,53.1167,27
3188,53.1333,26
3189,53.1500,26
3190,53.1667,24
3191,53.1833,25
3192,53.2000,27
3193,53.2167,25
3194,53.2333,26
3195,53.2500,25
3196,53.2667,25
3197,53.2833,24
3198,53.3000,24
3199,53.3167,23
3200,53.3333,29
3201,53.3500,22
3202,53.3667,26
3203,53.3833,24
3204,53.4000,27
3205,53.4167,24
3206,53.4333,30
3207,53.4500,24
3208,53.4667,24
3209,53.4833,21
3210,53.5000,27
3211,53.5167,27
3212,53.5333,26
3213,53.5500,22
3214,53.5667,32
3215,53.5833,25
3216,53.6000,24
3217,53.6167,27
3218,53.6333,25
3219,53.6500,27
3220,53.6667,25
3221,53.6833,24
3222,53.7000,25
3223,53.7167,27
3224,53.7333,23
3225,53.7500,23
3226,53.7667,23
3227,53.7833,27
3228,53.8000,27
3229,53.8167,25
3230,53.8333,23
3231,53.8500,25
3232,53.8667,26
3233,53.8833,25
3234,53.9000,25
3235,53.9167,27
3236,53.9333,25
3237,53.9500,26
3238,53.9667,24
3239,53.9833,28
3240,54.0000,24
3241,54.0167,27
3242,54.0333,27
3243,54.0500,23
3244,54.0667,25
3245,54.0833,27
3246,54.1000,24
3247,54.1167,24
3248,54.1333,27
3249,54.1500,24
3250,54.1667,27
3251,54.1833,26
3252,54.2000,26
3253,54.2167,24
3254,54.2333,26
3255,54.2500,29
3256,54.2667,27
3257,54.2833,23
3258,54.3000,26
3259,54.3167,27
3260,54.3333,27
3261,54.3500,24
3262,54.3667,27
3263,54.3833,27
3264,54.4000,26
3265,54.4167,24
3266,54.4333,26
3267,54.4500,24
3268,54.4667,28
3269,54.4833,26
3270,54.5000,27
3271,54.5167,26
3272,54.5333,24
3273,54.5500,26
3274,54.5667,25
3275,54.5833,22
3276,54.6000,27
3277,54.6167,23
3278,54.6333,23
3279,54.6500,27
3280,54.6667,25
3281,54.6833,23
3282,54.7000,28
3283,54.7167,26
3284,54.7333,29
3285,54.7500,22
3286,54.7667,24
3287,54.7833,26
3288,54.8000,27
3289,54.8167,24
3290,54.8333,26
3291,54.8500,25
3292,54.8667,26
3293,54.8833,23
3294,54.9000,28
3295,54.9167,25
3296,54.9333,27
3297,54.9500,31
3298,54.9667,23
3299,54.9833,25
3300,55.0000,25
3301,55.0167,25
3302,55.0333,28
3303,55.0500,25
3304,55.0667,28
3305,55.0833,26
3306,55.1000,28
3307,55.1167,22
3308,55.1333,28
3309,55.1500,27
3310,55.1667,24
3311,55.1833,27
3312,55.2000,23
3313,55.2167,24
3314,55.2333,26
3315,55.2500,25
3316,55.2667,29
3317,55.2833,27
3318,55.3000,23
3319,55.3167,26
3320,55.3333,26
3321,55.3500,22
3322,55.3667,23
3323,55.3833,29
3324,55.4000,22
3325,55.4167,28
3326,55.4333,27
3327,55.4500,22
3328,55.4667,27
3329,55.4833,26
3330,55.5000,26
3331,55.5167,24
3332,55.5333,26
3333,55.5500,21
3334,55.5667,22
3335,55.5833,29
3336,55.6000,24
3337,55.6167,25
3338,55.6333,23
3339,55.6500,25
3340,55.6667,24
3341,55.6833,25
3342,55.7000,28
3343,55.7167,25
3344,55.7333,26
3345,55.7500,25
3346,55.7667,24
3347,55.7833,25
3348,55.8000,27
3349,55.8167,26
3350,55.8333,28
3351,55.8500,26
3352,55.8667,25
3353,55.8833,29
3354,55.9000,24
3355,55.9167,25
3356,55.9333,24
3357,55.9500,26
3358,55.9667,25
3359,55.9833,24
3360,56.0000,25
3361,56.0167,28
3362,56.0333,23
3363,56.0500,27
3364,56.0667,28
3365,56.0833,26
3366,56.1000,28
3367,56.1167,24
3368,56.1333,28
3369,56.1500,23
3370,56.1667,26
3371,56.1833,27
3372,56.2000,22
3373,56.2167,27
3374,56.2333,24
3375,56.2500,28
3376,56.2667,26
3377,56.2833,26
3378,56.3000,28
3379,56.3167,26
3380,56.3333,25
3381,56.3500,24
3382,56.3667,25
3383,56.3833,26
3384,56.4000,23
3385,56.4167,25
3386,56.4333,25
3387,56.4500,23
3388,56.4667,28
3389,56.4833,24
3390,56.5000,26
3391,56.5167,25
3392,56.5333,26
3393,56.5500,22
3394,56.5667,28
3395,56.5833,23
3396,56.6000,27
3397,56.6167,25
3398,56.6333,24
3399,56.6500,25
3400,56.6667,29
3401,56.6833,25
3402,56.7000,29
3403,56.7167,24
3404,56.7333,23
3405,56.7500,24
3406,56.7667,28
3407,56.7833,29
3408,56.8000,25
3409,56.8167,24
3410,56.8333,30
3411,56.8500,25
3412,56.8667,25
3413,56.8833,24
3414,56.9000,26
3415,56.9167,25
3416,56.9333,26
3417,56.9500,25
3418,56.9667,28
3419,56.9833,27
3420,57.0000,25
3421,57.0167,25
3422,57.0333,27
3423,57.0500,24
3424,57.0667,29
3425,57.0833,25
3426,57.1000,26
3427,57.1167,28
3428,57.1333,27
3429,57.1500,22
3430,57.1667,25
3431,57.1833,26
3432,57.2000,25
3433,57.2167,21
3434,57.2333,24
3435,57.2500,25
3436,57.2667,25
3437,57.2833,24
3438,57.3000,25
3439,57.3167,26
3440,57.3333,24
3441,57.3500,27
3442,57.3667,24
3443,57.3833,28
3444,57.4000,25
3445,57.4167,26
3446,57.4333,27
3447,57.4500,26
3448,57.4667,30
3449,57.4833,23
3450,57.5000,26
3451,57.5167,26
3452,57.5333,27
3453,57.5500,25
3454,57.5667,24
3455,57.5833,30
3456,57.6000,25
3457,57.6167,25
3458,57.6333,29
3459,57.6500,24
3460,57.6667,26
3461,57.6833,25
3462,57.7000,28
3463,57.7167,26
3464,57.7333,23
3465,57.7500,27
3466,57.7667,23
3467,57.7833,25
3468,57.8000,23
3469,57.8167,23
3470,57.8333,23
3471,57.8500,28
3472,57.8667,24
3473,57.8833,27
3474,57.9000,27
3475,57.9167,23
3476,57.9333,26
3477,57.9500,24
3478,57.9667,30
3479,57.9833,27
3480,58.0000,28
3481,58.0167,31
3482,58.0333,25
3483,58.0500,25
3484,58.0667,25
3485,58.0833,22
3486,58.1000,24
3487,58.1167,23
3488,58.1333,26
3489,58.1500,27
3490,58.1667,24
3491,58.1833,26
3492,58.2000,23
3493,58.2167,25
3494,58.2333,29
3495,58.2500,22
3496,58.2667,26
3497,58.2833,28
3498,58.3000,23
3499,58.3167,25
3500,58.3333,23
3501,58.3500,25
3502,58.3667,27
3503,58.3833,26
3504,58.4000,25
3505,58.4167,25
3506,58.4333,25
3507,58.4500,27
3508,58.4667,24
3509,58.4833,28
3510,58.5000,22
3511,58.5167,24
3512,58.5333,26
3513,58.5500,28
3514,58.5667,22
3515,58.5833,26
3516,58.6000,27
3517,58.6167,22
3518,58.6333,27
3519,58.6500,25
3520,58.6667,27
3521,58.6833,28
3522,58.7000,24
3523,58.7167,28
3524,58.7333,25
3525,58.7500,27
3526,58.7667,23
3527,58.7833,27
3528,58.8000,25
3529,58.8167,24
3530,58.8333,22
3531,58.8500,23
3532,58.8667,25
3533,58.8833,26
3534,58.9000,24
3535,58.9167,25
3536,58.9333,26
3537,58.9500,23
3538,58.9667,29
3539,58.9833,25
3540,59.0000,23
3541,59.0167,23
3542,59.0333,25
3543,59.0500,25
3544,59.0667,26
3545,59.0833,24
3546,59.1000,27
3547,59.1167,27
3548,59.1333,24
3549,59.1500,27
3550,59.1667,30
3551,59.1833,25
3552,59.2000,29
3553,59.2167,24
3554,59.2333,25
3555,59.2500,24
3556,59.2667,24
3557,59.2833,26
3558,59.3000,26
3559,59.3167,21
3560,59.3333,26
3561,59.3500,23
3562,59.3667,24
3563,59.3833,25
3564,59.4000,22
3565,59.4167,26
3566,59.4333,26
3567,59.4500,26
3568,59.4667,26
3569,59.4833,25
3570,59.5000,27
3571,59.5167,23
3572,59.5333,28
3573,59.5500,24
3574,59.5667,25
3575,59.5833,24
3576,59.6000,27
3577,59.6167,25
3578,59.6333,24
3579,59.6500,24
3580,59.6667,27
3581,59.6833,23
3582,59.7000,24
3583,59.7167,23
3584,59.7333,25
3585,59.7500,26
3586,59.7667,22
3587,59.7833,28
3588,59.8000,25
3589,59.8167,27
3590,59.8333,26
3591,59.8500,25
3592,59.8667,28
3593,59.8833,23
3594,59.9000,25
3595,59.9167,24
3596,59.9333,27
3597,59.9500,24
3598,59.9667,27
3599,59.9833,24
3600,60.0000,26
3601,60.0167,25
3602,60.0333,22
3603,60.0500,25
3604,60.0667,24
3605,60.0833,27
3606,60.1000,27
3607,60.1167,25
3608,60.1333,24
3609,60.1500,24
3610,60.1667,26
3611,60.1833,24
3612,60.2000,23
3613,60.2167,25
3614,60.2333,27
3615,60.2500,23
3616,60.2667,25
3617,60.2833,28
3618,60.3000,25
3619,60.3167,23
3620,60.3333,27
3621,60.3500,25
3622,60.3667,28
3623,60.3833,27
3624,60.4000,25
3625,60.4167,27
3626,60.4333,23
3627,60.4500,24
3628,60.4667,24
3629,60.4833,25
3630,60.5000,25
3631,60.5167,26
3632,60.5333,26
3633,60.5500,24
3634,60.5667,24
3635,60.5833,26
3636,60.6000,25
3637,60.6167,27
3638,60.6333,25
3639,60.6500,24
3640,60.6667,23
3641,60.6833,26
3642,60.7000,22
3643,60.7167,27
3644,60.7333,24
3645,60.7500,26
3646,60.7667,27
3647,60.7833,24
3648,60.8000,21
3649,60.8167,31
3650,60.8333,29
3651,60.8500,21
3652,60.8667,24
3653,60.8833,25
3654,60.9000,31
3655,60.9167,27
3656,60.9333,22
3657,60.9500,28
3658,60.9667,24
3659,60.9833,25
3660,61.0000,25
3661,61.0167,22
3662,61.0333,26
3663,61.0500,30
3664,61.0667,22
3665,61.0833,25
3666,61.1000,23
3667,61.1167,26
3668,61.1333,25
3669,61.1500,26
3670,61.1667,23
3671,61.1833,27
3672,61.2000,24
3673,61.2167,25
3674,61.2333,29
3675,61.2500,27
3676,61.2667,23
3677,61.2833,27
3678,61.3000,24
3679,61.3167,23
3680,61.3333,26
3681,61.3500,27
3682,61.3667,28
3683,61.3833,25
3684,61.4000,23
3685,61.4167,26
3686,61.4333,27
3687,61.4500,24
3688,61.4667,27
3689,61.4833,21
3690,61.5000,27
3691,61.5167,25
3692,61.5333,26
3693,61.5500,26
3694,61.5667,24
3695,61.5833,24
3696,61.6000,25
3697,61.6167,22
3698,61.6333,27
3699,61.6500,27
3700,61.6667,23
3701,61.6833,28
3702,61.7000,28
3703,61.7167,25
3704,61.7333,26
3705,61.7500,24
3706,61.7667,24
3707,61.7833,26
3708,61.8000,24
3709,61.8167,26
3710,61.8333,28
3711,61.8500,22
3712,61.8667,23
3713,61.8833,26
3714,61.9000,24
3715,61.9167,27
3716,61.9333,27
3717,61.9500,23
3718,61.9667,27
3719,61.9833,23
3720,62.0000,26
3721,62.0167,22
3722,62.0333,22
3723,62.0500,26
3724,62.0667,25
3725,62.0833,24
3726,62.1000,25
3727,62.1167,24
3728,62.1333,25
3729,62.1500,25
3730,62.1667,25
3731,62.1833,23
3732,62.2000,24
3733,62.2167,26
3734,62.2333,26
3735,62.2500,22
3736,62.2667,25
3737,62.2833,27
3738,62.3000,28
3739,62.3167,24
3740,62.3333,25
3741,62.3500,24
3742,62.3667,24
3743,62.3833,26
3744,62.4000,24
3745,62.4167,27
3746,62.4333,25
3747,62.4500,25
3748,62.4667,25
3749,62.4833,22
3750,62.5000,25
3751,62.5167,25
3752,62.5333,27
3753,62.5500,26
3754,62.5667,23
3755,62.5833,25
3756,62.6000,25
3757,62.6167,27
3758,62.6333,25
3759,62.6500,25
3760,62.6667,22
3761,62.6833,21
3762,62.7000,25
3763,62.7167,24
3764,62.7333,27
3765,62.7500,25
3766,62.7667,26
3767,62.7833,28
3768,62.8000,23
3769,62.8167,28
3770,62.8333,26
3771,62.8500,25
3772,62.8667,27
3773,62.8833,25
3774,62.9000,23
3775,62.9167,28
3776,62.9333,26
3777,62.9500,25
3778,62.9667,26
3779,62.9833,23
3780,63.0000,29
3781,63.0167,24
3782,63.0333,25
3783,63.0500,25
3784,63.0667,24
3785,63.0833,25
3786,63.1000,26
3787,63.1167,28
3788,63.1333,23
3789,63.1500,24
3790,63.1667,23
3791,63.1833,28
3792,63.2000,23
3793,63.2167,25
3794,63.2333,26
3795,63.2500,26
3796,63.2667,27
3797,63.2833,24
3798,63.3000,25
3799,63.3167,24
3800,63.3333,24
3801,63.3500,24
3802,63.3667,26
3803,63.3833,24
3804,63.4000,26
3805,63.4167,24
3806,63.4333,23
3807,63.4500,23
3808,63.4667,23
3809,63.4833,27
3810,63.5000,23
3811,63.5167,24
3812,63.5333,26
3813,63.5500,24
3814,63.5667,24
3815,63.5833,25
3816,63.6000,25
3817,63.6167,24
3818,63.6333,26
3819,63.6500,25
3820,63.6667,25
3821,63.6833,24
3822,63.7000,28
3823,63.7167,25
3824,63.7333,27
3825,63.7500,25
3826,63.7667,24
3827,63.7833,27
3828,63.8000,25
3829,63.8167,27
3830,63.8333,25
3831,63.8500,24
3832,63.8667,25
3833,63.8833,27
3834,63.9000,24
3835,63.9167,25
3836,63.9333,26
3837,63.9500,26
3838,63.9667,27
3839,63.9833,25
3840,64.0000,25
3841,64.0167,25
3842,64.0333,29
3843,64.0500,25
3844,64.0667,28
3845,64.0833,24
3846,64.1000,25
3847,64.1167,21
3848,64.1333,25
3849,64.1500,24
3850,64.1667,26
3851,64.1833,25
3852,64.2000,24
3853,64.2167,23
3854,64.2333,28
3855,64.2500,24
3856,64.2667,28
3857,64.2833,25
3858,64.3000,23
3859,64.3167,28
3860,64.3333,26
3861,64.3500,25
3862,64.3667,27
3863,64.3833,22
3864,64.4000,25
3865,64.4167,25
3866,64.4333,25
3867,64.4500,25
3868,64.4667,25
3869,64.4833,27
3870,64.5000,23
3871,64.5167,25
3872,64.5333,25
3873,64.5500,25
3874,64.5667,26
3875,64.5833,24
3876,64.6000,29
3877,64.6167,22
3878,64.6333,23
3879,64.6500,25
3880,64.6667,29
3881,64.6833,24
3882,64.7000,24
3883,64.7167,25
3884,64.7333,26
3885,64.7500,24
3886,64.7667,25
3887,64.7833,25
3888,64.8000,21
3889,64.8167,26
3890,64.8333,24
3891,64.8500,27
3892,64.8667,25
3893,64.8833,24
3894,64.9000,23
3895,64.9167,27
3896,64.9333,24
3897,64.9500,22
3898,64.9667,27
3899,64.9833,26
3900,65.0000,24
3901,65.0167,26
3902,65.0333,25
3903,65.0500,26
3904,65.0667,27
3905,65.0833,22
3906,65.1000,25
3907,65.1167,29
3908,65.1333,26
3909,65.1500,21
3910,65.1667,27
3911,65.1833,23
3912,65.2000,24
3913,65.2167,23
3914,65.2333,26
3915,65.2500,24
3916,65.2667,25
3917,65.2833,26
3918,65.3000,26
3919,65.3167,24
3920,65.3333,24
3921,65.3500,27
3922,65.3667,25
3923,65.3833,27
3924,65.4000,25
3925,65.4167,26
3926,65.4333,25
3927,65.4500,24
3928,65.4667,27
3929,65.4833,26
3930,65.5000,27
3931,65.5167,29
3932,65.5333,23
3933,65.5500,27
3934,65.5667,27
3935,65.5833,28
3936,65.6000,25
3937,65.6167,25
3938,65.6333,26
3939,65.6500,26
3940,65.6667,26
3941,65.6833,26
3942,65.7000,27
3943,65.7167,27
3944,65.7333,26
3945,65.7500,26
3946,65.7667,25
3947,65.7833,26
3948,65.8000,26
3949,65.8167,27
3950,65.8333,24
3951,65.8500,25
3952,65.8667,25
3953,65.8833,24
3954,65.9000,25
3955,65.9167,25
3956,65.9333,28
3957,65.9500,23
3958,65.9667,28
3959,65.9833,24
3960,66.0000,25
3961,66.0167,26
3962,66.0333,22
3963,66.0500,25
3964,66.0667,26
3965,66.0833,26
3966,66.1000,23
3967,66.1167,29
3968,66.1333,26
3969,66.1500,24
3970,66.1667,24
3971,66.1833,26
3972,66.2000,26
3973,66.2167,25
3974,66.2333,25
3975,66.2500,24
3976,66.2667,26
3977,66.2833,25
3978,66.3000,25
3979,66.3167,26
3980,66.3333,24
3981,66.3500,26
3982,66.3667,27
3983,66.3833,28
3984,66.4000,25
3985,66.4167,23
3986,66.4333,28
3987,66.4500,24
3988,66.4667,27
3989,66.4833,27
3990,66.5000,24
3991,66.5167,28
3992,66.5333,23
3993,66.5500,29
3994,66.5667,25
3995,66.5833,25
3996,66.6000,25
3997,66.6167,23
3998,66.6333,26
3999,66.6500,26
4000,66.6667,22
4001,66.6833,29
4002,66.7000,25
4003,66.7167,24
4004,66.7333,27
4005,66.7500,23
4006,66.7667,23
4007,66.7833,24
4008,66.8000,23
4009,66.8167,27
4010,66.8333,26
4011,66.8500,29
4012,66.8667,24
4013,66.8833,24
4014,66.9000,24
4015,66.9167,26
4016,66.9333,24
4017,66.9500,25
4018,66.9667,27
4019,66.9833,29
4020,67.0000,25
4021,67.0167,22
4022,67.0333,27
4023,67.0500,26
4024,67.0667,26
4025,67.0833,24
4026,67.1000,29
4027,67.1167,26
4028,67.1333,23
4029,67.1500,27
4030,67.1667,27
4031,67.1833,25
4032,67.2000,24
4033,67.2167,25
4034,67.2333,26
4035,67.2500,24
4036,67.2667,26
4037,67.2833,24
4038,67.3000,25
4039,67.3167,26
4040,67.3333,25
4041,67.3500,23
4042,67.3667,22
4043,67.3833,26
4044,67.4000,23
4045,67.4167,27
4046,67.4333,27
4047,67.4500,24
4048,67.4667,24
4049,67.4833,24
4050,67.5000,27
4051,67.5167,27
4052,67.5333,26
4053,67.5500,25
4054,67.5667,25
4055,67.5833,24
4056,67.6000,24
4057,67.6167,27
4058,67.6333,23
4059,67.6500,28
4060,67.6667,24
4061,67.6833,24
4062,67.7000,26
4063,67.7167,26
4064,67.7333,23
4065,67.7500,28
4066,67.7667,23
4067,67.7833,29
4068,67.8000,25
4069,67.8167,26
4070,67.8333,25
4071,67.8500,27
4072,67.8667,27
4073,67.8833,23
4074,67.9000,28
4075,67.9167,28
4076,67.9333,23
4077,67.9500,26
4078,67.9667,29
4079,67.9833,26
4080,68.0000,25
4081,68.0167,23
4082,68.0333,28
4083,68.0500,27
4084,68.0667,22
4085,68.0833,25
4086,68.1000,26
4087,68.1167,27
4088,68.1333,25
4089,68.1500,25
4090,68.1667,28
4091,68.1833,24
4092,68.2000,28
4093,68.2167,25
4094,68.2333,25
4095,68.2500,29
4096,68.2667,23
4097,68.2833,28
4098,68.3000,23
4099,68.3167,31
4100,68.3333,23
4101,68.3500,22
4102,68.3667,26
4103,68.3833,29
4104,68.4000,22
4105,68.4167,24
4106,68.4333,25
4107,68.4500,26
4108,68.4667,25
4109,68.4833,24
4110,68.5000,28
4111,68.5167,24
4112,68.5333,26
4113,68.5500,23
4114,68.5667,25
4115,68.5833,25
4116,68.6000,24
4117,68.6167,28
4118,68.6333,27
4119,68.6500,24
4120,68.6667,27
4121,68.6833,25
4122,68.7000,26
4123,68.7167,27
4124,68.7333,27
4125,68.7500,24
4126,68.7667,24
4127,68.7833,28
4128,68.8000,25
4129,68.8167,28
4130,68.8333,24
4131,68.8500,25
4132,68.8667,25
4133,68.8833,23
4134,68.9000,24
4135,68.9167,26
4136,68.9333,27
4137,68.9500,22
4138,68.9667,24
4139,68.9833,27
4140,69.0000,23
4141,69.0167,27
4142,69.0333,24
4143,69.0500,24
4144,69.0667,24
4145,69.0833,28
4146,69.1000,26
4147,69.1167,24
4148,69.1333,26
4149,69.1500,26
4150,69.1667,27
4151,69.1833,28
4152,69.2000,25
4153,69.2167,27
4154,69.2333,26
4155,69.2500,27
4156,69.2667,26
4157,69.2833,28
4158,69.3000,24
4159,69.3167,26
4160,69.3333,25
4161,69.3500,26
4162,69.3667,26
4163,69.3833,28
4164,69.4000,25
4165,69.4167,25
4166,69.4333,24
4167,69.4500,22
4168,69.4667,27
4169,69.4833,29
4170,69.5000,28
4171,69.5167,26
4172,69.5333,26
4173,69.5500,27
4174,69.5667,25
4175,69.5833,27
4176,69.6000,24
4177,69.6167,27
4178,69.6333,22
4179,69.6500,30
4180,69.6667,26
4181,69.6833,23
4182,69.7000,26
4183,69.7167,26
4184,69.7333,27
4185,69.7500,25
4186,69.7667,25
4187,69.7833,23
4188,69.8000,22
4189,69.8167,26
4190,69.8333,26
4191,69.8500,27
4192,69.8667,25
4193,69.8833,25
4194,69.9000,29
4195,69.9167,26
4196,69.9333,26
4197,69.9500,24
4198,69.9667,31
4199,69.9833,23
4200,70.0000,26
4201,70.0167,27
4202,70.0333,23
4203,70.0500,29
4204,70.0667,26
4205,70.0833,26
4206,70.1000,28
4207,70.1167,30
4208,70.1333,27
4209,70.1500,26
4210,70.1667,27
4211,70.1833,26
4212,70.2000,27
4213,70.2167,30
4214,70.2333,22
4215,70.2500,27
4216,70.2667,25
4217,70.2833,25
4218,70.3000,24
4219,70.3167,26
4220,70.3333,25
4221,70.3500,27
4222,70.3667,29
4223,70.3833,23
4224,70.4000,27
4225,70.4167,25
4226,70.4333,23
4227,70.4500,28
4228,70.4667,27
4229,70.4833,25
4230,70.5000,24
4231,70.5167,27
4232,70.5333,25
4233,70.5500,24
4234,70.5667,26
4235,70.5833,25
4236,70.6000,25
4237,70.6167,26
4238,70.6333,26
4239,70.6500,29
4240,70.6667,26
4241,70.6833,29
4242,70.7000,23
4243,70.7167,28
4244,70.7333,27
4245,70.7500,24
4246,70.7667,26
4247,70.7833,25
4248,70.8000,29
4249,70.8167,24
4250,70.8333,30
4251,70.8500,25
4252,70.8667,29
4253,70.8833,27
4254,70.9000,24
4255,70.9167,27
4256,70.9333,24
4257,70.9500,26
4258,70.9667,28
4259,70.9833,27
4260,71.0000,28
4261,71.0167,23
4262,71.0333,25
4263,71.0500,24
4264,71.0667,23
4265,71.0833,27
4266,71.1000,23
4267,71.1167,27
4268,71.1333,28
4269,71.1500,24
4270,71.1667,24
4271,71.1833,31
4272,71.2000,25
4273,71.2167,28
4274,71.2333,24
4275,71.2500,25
4276,71.2667,25
4277,71.2833,29
4278,71.3000,30
4279,71.3167,26
4280,71.3333,23
4281,71.3500,23
4282,71.3667,24
4283,71.3833,27
4284,71.4000,24
4285,71.4167,27
4286,71.4333,26
4287,71.4500,23
4288,71.4667,27
4289,71.4833,25
4290,71.5000,26
4291,71.5167,30
4292,71.5333,26
4293,71.5500,24
4294,71.5667,29
4295,71.5833,26
4296,71.6000,28
4297,71.6167,27
4298,71.6333,24
4299,71.6500,24
4300,71.6667,26
4301,71.6833,25
4302,71.7000,26
4303,71.7167,24
4304,71.7333,29
4305,71.7500,23
4306,71.7667,27
4307,71.7833,25
4308,71.8000,28
4309,71.8167,24
4310,71.8333,28
4311,71.8500,23
4312,71.8667,26
4313,71.8833,27
4314,71.9000,25
4315,71.9167,26
4316,71.9333,26
4317,71.9500,24
4318,71.9667,24
4319,71.9833,27
4320,72.0000,28
4321,72.0167,28
4322,72.0333,23
4323,72.0500,25
4324,72.0667,32
4325,72.0833,25
4326,72.1000,25
4327,72.1167,27
4328,72.1333,27
4329,72.1500,25
4330,72.1667,25
4331,72.1833,26
4332,72.2000,23
4333,72.2167,30
4334,72.2333,24
4335,72.2500,25
4336,72.2667,25
4337,72.2833,25
4338,72.3000,25
4339,72.3167,25
4340,72.3333,27
4341,72.3500,25
4342,72.3667,25
4343,72.3833,22
4344,72.4000,26
4345,72.4167,23
4346,72.4333,26
4347,72.4500,25
4348,72.4667,25
4349,72.4833,27
4350,72.5000,30
4351,72.5167,24
4352,72.5333,26
4353,72.5500,25
4354,72.5667,29
4355,72.5833,26
4356,72.6000,23
4357,72.6167,29
4358,72.6333,25
4359,72.6500,27
4360,72.6667,26
4361,72.6833,24
4362,72.7000,24
4363,72.7167,28
4364,72.7333,26
4365,72.7500,28
4366,72.7667,25
4367,72.7833,25
4368,72.8000,26
4369,72.8167,26
4370,72.8333,24
4371,72.8500,25
4372,72.8667,26
4373,72.8833,26
4374,72.9000,26
4375,72.9167,24
4376,72.9333,27
4377,72.9500,24
4378,72.9667,31
4379,72.9833,24
4380,73.0000,26
4381,73.0167,26
4382,73.0333,24
4383,73.0500,25
4384,73.0667,29
4385,73.0833,27
4386,73.1000,26
4387,73.1167,27
4388,73.1333,28
4389,73.1500,22
4390,73.1667,27
4391,73.1833,25
4392,73.2000,27
4393,73.2167,26
4394,73.2333,22
4395,73.2500,24
4396,73.2667,28
4397,73.2833,23
4398,73.3000,27
4399,73.3167,28
4400,73.3333,23
4401,73.3500,22
4402,73.3667,26
4403,73.3833,26
4404,73.4000,30
4405,73.4167,23
4406,73.4333,26
4407,73.4500,22
4408,73.4667,28
4409,73.4833,27
4410,73.5000,28
4411,73.5167,26
4412,73.5333,26
4413,73.5500,25
4414,73.5667,27
4415,73.5833,27
4416,73.6000,28
4417,73.6167,25
4418,73.6333,30
4419,73.6500,28
4420,73.6667,26
4421,73.6833,27
4422,73.7000,24
4423,73.7167,28
4424,73.7333,25
4425,73.7500,30
4426,73.7667,26
4427,73.7833,26
4428,73.8000,27
4429,73.8167,22
4430,73.8333,28
4431,73.8500,30
4432,73.8667,23
4433,73.8833,28
4434,73.9000,27
4435,73.9167,26
4436,73.9333,25
4437,73.9500,26
4438,73.9667,26
4439,73.9833,26
4440,74.0000,25
4441,74.0167,29
4442,74.0333,22
4443,74.0500,27
4444,74.0667,26
4445,74.0833,25
4446,74.1000,28
4447,74.1167,29
4448,74.1333,25
4449,74.1500,26
4450,74.1667,24
4451,74.1833,26
4452,74.2000,28
4453,74.2167,25
4454,74.2333,26
4455,74.2500,24
4456,74.2667,26
4457,74.2833,27
4458,74.3000,28
4459,74.3167,26
4460,74.3333,25
4461,74.3500,25
4462,74.3667,28
4463,74.3833,25
4464,74.4000,27
4465,74.4167,24
4466,74.4333,24
4467,74.4500,27
4468,74.4667,28
4469,74.4833,27
4470,74.5000,29
4471,74.5167,25
4472,74.5333,27
4473,74.5500,24
4474,74.5667,24
4475,74.5833,30
4476,74.6000,22
4477,74.6167,23
4478,74.6333,31
4479,74.6500,28
4480,74.6667,24
4481,74.6833,25
4482,74.7000,23
4483,74.7167,25
4484,74.7333,25
4485,74.7500,28
4486,74.7667,26
4487,74.7833,23
4488,74.8000,27
4489,74.8167,22
4490,74.8333,28
4491,74.8500,26
4492,74.8667,23
4493,74.8833,24
4494,74.9000,31
4495,74.9167,26
4496,74.9333,24
4497,74.9500,25
4498,74.9667,27
4499,74.9833,25
4500,75.0000,25
4501,75.0167,27
4502,75.0333,28
4503,75.0500,25
4504,75.0667,27
4505,75.0833,25
4506,75.1000,25
4507,75.1167,27
4508,75.1333,26
4509,75.1500,24
4510,75.1667,24
4511,75.1833,25
4512,75.2000,28
4513,75.2167,26
4514,75.2333,27
4515,75.2500,26
4516,75.2667,23
4517,75.2833,27
4518,75.3000,27
4519,75.3167,27
4520,75.3333,29
4521,75.3500,25
4522,75.3667,23
4523,75.3833,25
4524,75.4000,24
4525,75.4167,26
4526,75.4333,26
4527,75.4500,23
4528,75.4667,27
4529,75.4833,23
4530,75.5000,26
4531,75.5167,25
4532,75.5333,28
4533,75.5500,24
4534,75.5667,26
4535,75.5833,23
4536,75.6000,25
4537,75.6167,28
4538,75.6333,24
4539,75.6500,23
4540,75.6667,27
4541,75.6833,27
4542,75.7000,28
4543,75.7167,25
4544,75.7333,27
4545,75.7500,22
4546,75.7667,27
4547,75.7833,27
4548,75.8000,26
4549,75.8167,24
4550,75.8333,25
4551,75.8500,33
4552,75.8667,25
4553,75.8833,24
4554,75.9000,22
4555,75.9167,28
4556,75.9333,23
4557,75.9500,27
4558,75.9667,29
4559,75.9833,22
4560,76.0000,26
4561,76.0167,28
4562,76.0333,25
4563,76.0500,26
4564,76.0667,25
4565,76.0833,23
4566,76.1000,28
4567,76.1167,23
4568,76.1333,28
4569,76.1500,26
4570,76.1667,31
4571,76.1833,23
4572,76.2000,28
4573,76.2167,26
4574,76.2333,28
4575,76.2500,26
4576,76.2667,22
4577,76.2833,28
4578,76.3000,26
4579,76.3167,25
4580,76.3333,28
4581,76.3500,27
4582,76.3667,23
4583,76.3833,28
4584,76.4000,26
4585,76.4167,27
4586,76.4333,25
4587,76.4500,23
4588,76.4667,26
4589,76.4833,24
4590,76.5000,28
4591,76.5167,25
4592,76.5333,26
4593,76.5500,25
4594,76.5667,26
4595,76.5833,24
4596,76.6000,25
4597,76.6167,25
4598,76.6333,29
4599,76.6500,24
4600,76.6667,26
4601,76.6833,26
4602,76.7000,27
4603,76.7167,28
4604,76.7333,23
4605,76.7500,27
4606,76.7667,27
4607,76.7833,26
4608,76.8000,26
4609,76.8167,25
4610,76.8333,28
4611,76.8500,24
4612,76.8667,27
4613,76.8833,24
4614,76.9000,26
4615,76.9167,25
4616,76.9333,24
4617,76.9500,29
4618,76.9667,25
4619,76.9833,28
4620,77.0000,24
4621,77.0167,24
4622,77.0333,26
4623,77.0500,22
4624,77.0667,28
4625,77.0833,23
4626,77.1000,24
4627,77.1167,24
4628,77.1333,28
4629,77.1500,24
4630,77.1667,25
4631,77.1833,22
4632,77.2000,24
4633,77.2167,27
4634,77.2333,25
4635,77.2500,25
4636,77.2667,29
4637,77.2833,25
4638,77.3000,23
4639,77.3167,27
4640,77.3333,30
4641,77.3500,25
4642,77.3667,26
4643,77.3833,25
4644,77.4000,29
4645,77.4167,26
4646,77.4333,26
4647,77.4500,27
4648,77.4667,24
4649,77.4833,24
4650,77.5000,28
4651,77.5167,25
4652,77.5333,25
4653,77.5500,26
4654,77.5667,24
4655,77.5833,28
4656,77.6000,24
4657,77.6167,26
4658,77.6333,29
4659,77.6500,25
4660,77.6667,27
4661,77.6833,25
4662,77.7000,28
4663,77.7167,23
4664,77.7333,27
4665,77.7500,26
4666,77.7667,23
4667,77.7833,26
4668,77.8000,25
4669,77.8167,21
4670,77.8333,25
4671,77.8500,23
4672,77.8667,25
4673,77.8833,24
4674,77.9000,23
4675,77.9167,28
4676,77.9333,27
4677,77.9500,26
4678,77.9667,28
4679,77.9833,21
4680,78.0000,27
4681,78.0167,24
4682,78.0333,27
4683,78.0500,27
4684,78.0667,24
4685,78.0833,26
4686,78.1000,25
4687,78.1167,24
4688,78.1333,25
4689,78.1500,26
4690,78.1667,26
4691,78.1833,25
4692,78.2000,27
4693,78.2167,28
4694,78.2333,27
4695,78.2500,26
4696,78.2667,30
4697,78.2833,26
4698,78.3000,25
4699,78.3167,25
4700,78.3333,27
4701,78.3500,28
4702,78.3667,26
4703,78.3833,28
4704,78.4000,27
4705,78.4167,26
4706,78.4333,26
4707,78.4500,25
4708,78.4667,25
4709,78.4833,23
4710,78.5000,25
4711,78.5167,24
4712,78.5333,24
4713,78.5500,25
4714,78.5667,26
4715,78.5833,25
4716,78.6000,28
4717,78.6167,26
4718,78.6333,23
4719,78.6500,27
4720,78.6667,24
4721,78.6833,26
4722,78.7000,27
4723,78.7167,24
4724,78.7333,28
4725,78.7500,26
4726,78.7667,25
4727,78.7833,28
4728,78.8000,27
4729,78.8167,28
4730,78.8333,25
4731,78.8500,24
4732,78.8667,23
4733,78.8833,24
4734,78.9000,21
4735,78.9167,28
4736,78.9333,23
4737,78.9500,26
4738,78.9667,26
4739,78.9833,27
4740,79.0000,27
4741,79.0167,23
4742,79.0333,23
4743,79.0500,23
4744,79.0667,25
4745,79.0833,29
4746,79.1000,27
4747,79.1167,26
4748,79.1333,29
4749,79.1500,25
4750,79.1667,25
4751,79.1833,23
4752,79.2000,25
4753,79.2167,27
4754,79.2333,24
4755,79.2500,26
4756,79.2667,27
4757,79.2833,26
4758,79.3000,23
4759,79.3167,27
4760,79.3333,24
4761,79.3500,27
4762,79.3667,24
4763,79.3833,24
4764,79.4000,22
4765,79.4167,27
4766,79.4333,25
4767,79.4500,23
4768,79.4667,26
4769,79.4833,25
4770,79.5000,26
4771,79.5167,28
4772,79.5333,25
4773,79.5500,25
4774,79.5667,27
4775,79.5833,26
4776,79.6000,24
4777,79.6167,25
4778,79.6333,26
4779,79.6500,29
4780,79.6667,26
4781,79.6833,27
4782,79.7000,23
4783,79.7167,25
4784,79.7333,26
4785,79.7500,25
4786,79.7667,24
4787,79.7833,28
4788,79.8000,23
4789,79.8167,28
4790,79.8333,28
4791,79.8500,23
4792,79.8667,26
4793,79.8833,22
4794,79.9000,24
4795,79.9167,27
4796,79.9333,24
4797,79.9500,25
4798,79.9667,24
4799,79.9833,29
4800,80.0000,23
4801,80.0167,27
4802,80.0333,25
4803,80.0500,26
4804,80.0667,26
4805,80.0833,26
4806,80.1000,24
4807,80.1167,23
4808,80.1333,26
4809,80.1500,26
4810,80.1667,27
4811,80.1833,26
4812,80.2000,25
4813,80.2167,24
4814,80.2333,25
4815,80.2500,24
4816,80.2667,27
4817,80.2833,24
4818,80.3000,26
4819,80.3167,27
4820,80.3333,23
4821,80.3500,26
4822,80.3667,24
4823,80.3833,26
4824,80.4000,24
4825,80.4167,28
4826,80.4333,27
4827,80.4500,23
4828,80.4667,25
4829,80.4833,25
4830,80.5000,26
4831,80.5167,25
4832,80.5333,27
4833,80.5500,23
4834,80.5667,26
4835,80.5833,26
4836,80.6000,26
4837,80.6167,24
4838,80.6333,25
4839,80.6500,25
4840,80.6667,27
4841,80.6833,30
4842,80.7000,25
4843,80.7167,23
4844,80.7333,28
4845,80.7500,26
4846,80.7667,28
4847,80.7833,25
4848,80.8000,25
4849,80.8167,28
4850,80.8333,22
4851,80.8500,26
4852,80.8667,24
4853,80.8833,27
4854,80.9000,26
4855,80.9167,24
4856,80.9333,22
4857,80.9500,25
4858,80.9667,26
4859,80.9833,27
4860,81.0000,25
4861,81.0167,23
4862,81.0333,23
4863,81.0500,27
4864,81.0667,27
4865,81.0833,23
4866,81.1000,26
4867,81.1167,24
4868,81.1333,23
4869,81.1500,25
4870,81.1667,23
4871,81.1833,24
4872,81.2000,26
4873,81.2167,22
4874,81.2333,24
4875,81.2500,26
4876,81.2667,27
4877,81.2833,28
4878,81.3000,24
4879,81.3167,25
4880,81.3333,26
4881,81.3500,23
4882,81.3667,27
4883,81.3833,22
4884,81.4000,23
4885,81.4167,26
4886,81.4333,27
4887,81.4500,26
4888,81.4667,27
4889,81.4833,24
4890,81.5000,25
4891,81.5167,24
4892,81.5333,31
4893,81.5500,24
4894,81.5667,28
4895,81.5833,24
4896,81.6000,22
4897,81.6167,27
4898,81.6333,24
4899,81.6500,23
4900,81.6667,25
4901,81.6833,25
4902,81.7000,27
4903,81.7167,23
4904,81.7333,25
4905,81.7500,27
4906,81.7667,24
4907,81.7833,24
4908,81.8000,26
4909,81.8167,26
4910,81.8333,23
4911,81.8500,27
4912,81.8667,27
4913,81.8833,23
4914,81.9000,27
4915,81.9167,25
4916,81.9333,28
4917,81.9500,24
4918,81.9667,26
4919,81.9833,25
4920,82.0000,25
4921,82.0167,27
4922,82.0333,25
4923,82.0500,27
4924,82.0667,24
4925,82.0833,27
4926,82.1000,24
4927,82.1167,26
4928,82.1333,24
4929,82.1500,23
4930,82.1667,26
4931,82.1833,28
4932,82.2000,29
4933,82.2167,23
4934,82.2333,25
4935,82.2500,26
4936,82.2667,24
4937,82.2833,24
4938,82.3000,24
4939,82.3167,25
4940,82.3333,25
4941,82.3500,27
4942,82.3667,29
4943,82.3833,26
4944,82.4000,23
4945,82.4167,25
4946,82.4333,24
4947,82.4500,24
4948,82.4667,27
4949,82.4833,25
4950,82.5000,26
4951,82.5167,26
4952,82.5333,24
4953,82.5500,27
4954,82.5667,26
4955,82.5833,25
4956,82.6000,26
4957,82.6167,23
4958,82.6333,22
4959,82.6500,30
4960,82.6667,21
4961,82.6833,24
4962,82.7000,27
4963,82.7167,25
4964,82.7333,24
4965,82.7500,27
4966,82.7667,25
4967,82.7833,24
4968,82.8000,25
4969,82.8167,24
4970,82.8333,23
4971,82.8500,23
4972,82.8667,28
4973,82.8833,24
4974,82.9000,25
4975,82.9167,25
4976,82.9333,23
4977,82.9500,25
4978,82.9667,28
4979,82.9833,26
4980,83.0000,29
4981,83.0167,25
4982,83.0333,27
4983,83.0500,27
4984,83.0667,24
4985,83.0833,26
4986,83.1000,30
4987,83.1167,21
4988,83.1333,25
4989,83.1500,27
4990,83.1667,25
4991,83.1833,24
4992,83.2000,24
4993,83.2167,27
4994,83.2333,25
4995,83.2500,28
4996,83.2667,23
4997,83.2833,26
4998,83.3000,25
4999,83.3167,26
5000,83.3333,25
5001,83.3500,28
5002,83.3667,24
5003,83.3833,24
5004,83.4000,24
5005,83.4167,25
5006,83.4333,23
5007,83.4500,26
5008,83.4667,26
5009,83.4833,25
5010,83.5000,24
5011,83.5167,25
5012,83.5333,26
5013,83.5500,27
5014,83.5667,25
5015,83.5833,26
5016,83.6000,26
5017,83.6167,23
5018,83.6333,30
5019,83.6500,24
5020,83.6667,23
5021,83.6833,26
5022,83.7000,24
5023,83.7167,24
5024,83.7333,26
5025,83.7500,26
5026,83.7667,25
5027,83.7833,24
5028,83.8000,25
5029,83.8167,26
5030,83.8333,25
5031,83.8500,27
5032,83.8667,24
5033,83.8833,27
5034,83.9000,24
5035,83.9167,24
5036,83.9333,26
5037,83.9500,25
5038,83.9667,25
5039,83.9833,23
5040,84.0000,26
5041,84.0167,26
5042,84.0333,25
5043,84.0500,25
5044,84.0667,21
5045,84.0833,27
5046,84.1000,28
5047,84.1167,29
5048,84.1333,26
5049,84.1500,25
5050,84.1667,28
5051,84.1833,24
5052,84.2000,25
5053,84.2167,25
5054,84.2333,26
5055,84.2500,26
5056,84.2667,23
5057,84.2833,23
5058,84.3000,24
5059,84.3167,22
5060,84.3333,28
5061,84.3500,28
5062,84.3667,24
5063,84.3833,28
5064,84.4000,25
5065,84.4167,23
5066,84.4333,27
5067,84.4500,27
5068,84.4667,24
5069,84.4833,28
5070,84.5000,24
5071,84.5167,27
5072,84.5333,25
5073,84.5500,29
5074,84.5667,25
5075,84.5833,25
5076,84.6000,24
5077,84.6167,27
5078,84.6333,23
5079,84.6500,25
5080,84.6667,27
5081,84.6833,28
5082,84.7000,25
5083,84.7167,28
5084,84.7333,27
5085,84.7500,24
5086,84.7667,25
5087,84.7833,25
5088,84.8000,26
5089,84.8167,23
5090,84.8333,26
5091,84.8500,28
5092,84.8667,26
5093,84.8833,25
5094,84.9000,23
5095,84.9167,25
5096,84.9333,29
5097,84.9500,23
5098,84.9667,27
5099,84.9833,27
5100,85.0000,25
5101,85.0167,26
5102,85.0333,28
5103,85.0500,29
5104,85.0667,24
5105,85.0833,26
5106,85.1000,29
5107,85.1167,29
5108,85.1333,24
5109,85.1500,26
5110,85.1667,25
5111,85.1833,25
5112,85.2000,26
5113,85.2167,29
5114,85.2333,24
5115,85.2500,25
5116,85.2667,25
5117,85.2833,28
5118,85.3000,23
5119,85.3167,24
5120,85.3333,28
5121,85.3500,24
5122,85.3667,27
5123,85.3833,26
5124,85.4000,28
5125,85.4167,24
5126,85.4333,25
5127,85.4500,23
5128,85.4667,27
5129,85.4833,24
5130,85.5000,26
5131,85.5167,28
5132,85.5333,23
5133,85.5500,26
5134,85.5667,22
5135,85.5833,27
5136,85.6000,24
5137,85.6167,27
5138,85.6333,27
5139,85.6500,26
5140,85.6667,24
5141,85.6833,26
5142,85.7000,28
5143,85.7167,25
5144,85.7333,25
5145,85.7500,26
5146,85.7667,28
5147,85.7833,23
5148,85.8000,25
5149,85.8167,26
5150,85.8333,23
5151,85.8500,26
5152,85.8667,26
5153,85.8833,25
5154,85.9000,25
5155,85.9167,28
5156,85.9333,27
5157,85.9500,25
5158,85.9667,27
5159,85.9833,24
5160,86.0000,27
5161,86.0167,23
5162,86.0333,27
5163,86.0500,23
5164,86.0667,29
5165,86.0833,25
5166,86.1000,26
5167,86.1167,24
5168,86.1333,22
5169,86.1500,26
5170,86.1667,30
5171,86.1833,22
5172,86.2000,25
5173,86.2167,25
5174,86.2333,26
5175,86.2500,25
5176,86.2667,29
5177,86.2833,23
5178,86.3000,25
5179,86.3167,24
5180,86.3333,27
5181,86.3500,28
5182,86.3667,26
5183,86.3833,25
5184,86.4000,27
5185,86.4167,24
5186,86.4333,23
5187,86.4500,29
5188,86.4667,25
5189,86.4833,27
5190,86.5000,25
5191,86.5167,26
5192,86.5333,25
5193,86.5500,26
5194,86.5667,23
5195,86.5833,26
5196,86.6000,27
5197,86.6167,25
5198,86.6333,28
5199,86.6500,26
5200,86.6667,25
5201,86.6833,24
5202,86.7000,24
5203,86.7167,27
5204,86.7333,25
5205,86.7500,26
5206,86.7667,27
5207,86.7833,26
5208,86.8000,24
5209,86.8167,29
5210,86.8333,24
5211,86.8500,25
5212,86.8667,27
5213,86.8833,25
5214,86.9000,24
5215,86.9167,27
5216,86.9333,25
5217,86.9500,23
5218,86.9667,23
5219,86.9833,26
5220,87.0000,26
5221,87.0167,27
5222,87.0333,26
5223,87.0500,26
5224,87.0667,23
5225,87.0833,32
5226,87.1000,24
5227,87.1167,23
5228,87.1333,22
5229,87.1500,28
5230,87.1667,26
5231,87.1833,22
5232,87.2000,26
5233,87.2167,24
5234,87.2333,26
5235,87.2500,26
5236,87.2667,23
5237,87.2833,24
5238,87.3000,27
5239,87.3167,25
5240,87.3333,24
5241,87.3500,26
5242,87.3667,27
5243,87.3833,24
5244,87.4000,29
5245,87.4167,24
5246,87.4333,26
5247,87.4500,25
5248,87.4667,24
5249,87.4833,26
5250,87.5000,22
5251,87.5167,26
5252,87.5333,27
5253,87.5500,27
5254,87.5667,25
5255,87.5833,26
5256,87.6000,26
5257,87.6167,25
5258,87.6333,24
5259,87.6500,23
5260,87.6667,27
5261,87.6833,28
5262,87.7000,22
5263,87.7167,29
5264,87.7333,24
5265,87.7500,22
5266,87.7667,27
5267,87.7833,24
5268,87.8000,24
5269,87.8167,28
5270,87.8333,24
5271,87.8500,26
5272,87.8667,26
5273,87.8833,24
5274,87.9000,23
5275,87.9167,22
5276,87.9333,28
5277,87.9500,25
5278,87.9667,28
5279,87.9833,26
5280,88.0000,22
5281,88.0167,24
5282,88.0333,29
5283,88.0500,22
5284,88.0667,28
5285,88.0833,24
5286,88.1000,25
5287,88.1167,26
5288,88.1333,23
5289,88.1500,26
5290,88.1667,22
5291,88.1833,25
5292,88.2000,29
5293,88.2167,28
5294,88.2333,22
5295,88.2500,25
5296,88.2667,26
5297,88.2833,23
5298,88.3000,27
5299,88.3167,27
5300,88.3333,27
5301,88.3500,26
5302,88.3667,24
5303,88.3833,24
5304,88.4000,29
5305,88.4167,24
5306,88.4333,30
5307,88.4500,25
5308,88.4667,26
5309,88.4833,25
5310,88.5000,25
5311,88.5167,24
5312,88.5333,25
5313,88.5500,27
5314,88.5667,26
5315,88.5833,28
5316,88.6000,25
5317,88.6167,28
5318,88.6333,23
5319,88.6500,22
5320,88.6667,28
5321,88.6833,24
5322,88.7000,26
5323,88.7167,22
5324,88.7333,28
5325,88.7500,23
5326,88.7667,29
5327,88.7833,23
5328,88.8000,27
5329,88.8167,25
5330,88.8333,28
5331,88.8500,23
5332,88.8667,31
5333,88.8833,24
5334,88.9000,21
5335,88.9167,23
5336,88.9333,26
5337,88.9500,24
5338,88.9667,26
5339,88.9833,25
5340,89.0000,28
5341,89.0167,24
5342,89.0333,26
5343,89.0500,28
5344,89.0667,25
5345,89.0833,27
5346,89.1000,22
5347,89.1167,28
5348,89.1333,21
5349,89.1500,25
5350,89.1667,24
5351,89.1833,26
5352,89.2000,24
5353,89.2167,28
5354,89.2333,24
5355,89.2500,24
5356,89.2667,27
5357,89.2833,23
5358,89.3000,29
5359,89.3167,23
5360,89.3333,25
5361,89.3500,28
5362,89.3667,22
5363,89.3833,29
5364,89.4000,26
5365,89.4167,22
5366,89.4333,24
5367,89.4500,23
5368,89.4667,30
5369,89.4833,23
5370,89.5000,26
5371,89.5167,27
5372,89.5333,24
5373,89.5500,24
5374,89.5667,26
5375,89.5833,28
5376,89.6000,24
5377,89.6167,25
5378,89.6333,24
5379,89.6500,27
5380,89.6667,25
5381,89.6833,23
5382,89.7000,30
5383,89.7167,25
5384,89.7333,25
5385,89.7500,25
5386,89.7667,24
5387,89.7833,25
5388,89.8000,29
5389,89.8167,26
5390,89.8333,26
5391,89.8500,25
5392,89.8667,24
5393,89.8833,28
5394,89.9000,23
5395,89.9167,26
5396,89.9333,25
5397,89.9500,26
5398,89.9667,24
5399,89.9833,25
5400,90.0000,21
5401,90.0167,26
5402,90.0333,28
5403,90.0500,22
5404,90.0667,25
5405,90.0833,29
5406,90.1000,27
5407,90.1167,23
5408,90.1333,24
5409,90.1500,27
5410,90.1667,25
5411,90.1833,23
5412,90.2000,25
5413,90.2167,26
5414,90.2333,25
5415,90.2500,28
5416,90.2667,26
5417,90.2833,23
5418,90.3000,27
5419,90.3167,25
5420,90.3333,25
5421,90.3500,22
5422,90.3667,29
5423,90.3833,25
5424,90.4000,25
5425,90.4167,29
5426,90.4333,23
5427,90.4500,26
5428,90.4667,25
5429,90.4833,25
5430,90.5000,27
5431,90.5167,27
5432,90.5333,23
5433,90.5500,31
5434,90.5667,25
5435,90.5833,25
5436,90.6000,26
5437,90.6167,22
5438,90.6333,26
5439,90.6500,26
5440,90.6667,25
5441,90.6833,26
5442,90.7000,27
5443,90.7167,24
5444,90.7333,27
5445,90.7500,26
5446,90.7667,26
5447,90.7833,26
5448,90.8000,25
5449,90.8167,28
5450,90.8333,26
5451,90.8500,22
5452,90.8667,31
5453,90.8833,23
5454,90.9000,22
5455,90.9167,24
5456,90.9333,26
5457,90.9500,28
5458,90.9667,20
5459,90.9833,28
5460,91.0000,25
5461,91.0167,27
5462,91.0333,26
5463,91.0500,27
5464,91.0667,25
5465,91.0833,23
5466,91.1000,26
5467,91.1167,26
5468,91.1333,23
5469,91.1500,27
5470,91.1667,28
5471,91.1833,24
5472,91.2000,25
5473,91.2167,29
5474,91.2333,23
5475,91.2500,24
5476,91.2667,27
5477,91.2833,26
5478,91.3000,25
5479,91.3167,27
5480,91.3333,27
5481,91.3500,21
5482,91.3667,26
5483,91.3833,24
5484,91.4000,24
5485,91.4167,27
5486,91.4333,28
5487,91.4500,25
5488,91.4667,30
5489,91.4833,21
5490,91.5000,25
5491,91.5167,25
5492,91.5333,25
5493,91.5500,26
5494,91.5667,27
5495,91.5833,23
5496,91.6000,30
5497,91.6167,26
5498,91.6333,27
5499,91.6500,23
5500,91.6667,27
5501,91.6833,23
5502,91.7000,28
5503,91.7167,27
5504,91.7333,24
5505,91.7500,27
5506,91.7667,25
5507,91.7833,26
5508,91.8000,24
5509,91.8167,24
5510,91.8333,23
5511,91.8500,28
5512,91.8667,28
5513,91.8833,24
5514,91.9000,24
5515,91.9167,23
5516,91.9333,24
5517,91.9500,29
5518,91.9667,25
5519,91.9833,23
5520,92.0000,29
5521,92.0167,25
5522,92.0333,25
5523,92.0500,27
5524,92.0667,26
5525,92.0833,23
5526,92.1000,26
5527,92.1167,28
5528,92.1333,27
5529,92.1500,23
5530,92.1667,23
5531,92.1833,27
5532,92.2000,25
5533,92.2167,25
5534,92.2333,24
5535,92.2500,25
5536,92.2667,23
5537,92.2833,24
5538,92.3000,27
5539,92.3167,30
5540,92.3333,23
5541,92.3500,25
5542,92.3667,28
5543,92.3833,25
5544,92.4000,29
5545,92.4167,26
5546,92.4333,27
5547,92.4500,28
5548,92.4667,27
5549,92.4833,24
5550,92.5000,25
5551,92.5167,23
5552,92.5333,25
5553,92.5500,25
5554,92.5667,29
5555,92.5833,25
5556,92.6000,25
5557,92.6167,26
5558,92.6333,24
5559,92.6500,28
5560,92.6667,23
5561,92.6833,30
5562,92.7000,23
5563,92.7167,30
5564,92.7333,24
5565,92.7500,26
5566,92.7667,25
5567,92.7833,22
5568,92.8000,24
5569,92.8167,27
5570,92.8333,27
5571,92.8500,26
5572,92.8667,23
5573,92.8833,27
5574,92.9000,22
5575,92.9167,23
5576,92.9333,27
5577,92.9500,29
5578,92.9667,25
5579,92.9833,26
5580,93.0000,29
5581,93.0167,22
5582,93.0333,25
5583,93.0500,22
5584,93.0667,24
5585,93.0833,24
5586,93.1000,25
5587,93.1167,28
5588,93.1333,23
5589,93.1500,26
5590,93.1667,24
5591,93.1833,28
5592,93.2000,23
5593,93.2167,25
5594,93.2333,28
5595,93.2500,26
5596,93.2667,26
5597,93.2833,24
5598,93.3000,25
5599,93.3167,25
5600,93.3333,24
5601,93.3500,28
5602,93.3667,23
5603,93.3833,27
5604,93.4000,27
5605,93.4167,26
5606,93.4333,25
5607,93.4500,24
5608,93.4667,28
5609,93.4833,30
5610,93.5000,23
5611,93.5167,29
5612,93.5333,27
5613,93.5500,27
5614,93.5667,25
5615,93.5833,26
5616,93.6000,23
5617,93.6167,23
5618,93.6333,27
5619,93.6500,25
5620,93.6667,25
5621,93.6833,27
5622,93.7000,27
5623,93.7167,26
5624,93.7333,29
5625,93.7500,23
5626,93.7667,27
5627,93.7833,26
5628,93.8000,25
5629,93.8167,23
5630,93.8333,28
5631,93.8500,31
5632,93.8667,23
5633,93.8833,21
5634,93.9000,29
5635,93.9167,23
5636,93.9333,28
5637,93.9500,23
5638,93.9667,27
5639,93.9833,24
5640,94.0000,28
5641,94.0167,25
5642,94.0333,26
5643,94.0500,25
5644,94.0667,25
5645,94.0833,28
5646,94.1000,27
5647,94.1167,26
5648,94.1333,27
5649,94.1500,22
5650,94.1667,26
5651,94.1833,28
5652,94.2000,24
5653,94.2167,25
5654,94.2333,28
5655,94.2500,25
5656,94.2667,26
5657,94.2833,25
5658,94.3000,27
5659,94.3167,27
5660,94.3333,27
5661,94.3500,28
5662,94.3667,25
5663,94.3833,27
5664,94.4000,21
5665,94.4167,26
5666,94.4333,29
5667,94.4500,25
5668,94.4667,24
5669,94.4833,24
5670,94.5000,28
5671,94.5167,23
5672,94.5333,25
5673,94.5500,27
5674,94.5667,26
5675,94.5833,23
5676,94.6000,26
5677,94.6167,28
5678,94.6333,25
5679,94.6500,27
5680,94.6667,24
5681,94.6833,27
5682,94.7000,24
5683,94.7167,28
5684,94.7333,23
5685,94.7500,28
5686,94.7667,27
5687,94.7833,29
5688,94.8000,25
5689,94.8167,27
5690,94.8333,24
5691,94.8500,26
5692,94.8667,23
5693,94.8833,25
5694,94.9000,22
5695,94.9167,28
5696,94.9333,27
5697,94.9500,27
5698,94.9667,25
5699,94.9833,28
5700,95.0000,24
5701,95.0167,25
5702,95.0333,22
5703,95.0500,24
5704,95.0667,27
5705,95.0833,23
5706,95.1000,25
5707,95.1167,26
5708,95.1333,25
5709,95.1500,28
5710,95.1667,26
5711,95.1833,27
5712,95.2000,24
5713,95.2167,25
5714,95.2333,22
5715,95.2500,28
5716,95.2667,27
5717,95.2833,30
5718,95.3000,24
5719,95.3167,27
5720,95.3333,21
5721,95.3500,26
5722,95.3667,25
5723,95.3833,26
5724,95.4000,29
5725,95.4167,25
5726,95.4333,25
5727,95.4500,25
5728,95.4667,25
5729,95.4833,22
5730,95.5000,30
5731,95.5167,23
5732,95.5333,25
5733,95.5500,24
5734,95.5667,24
5735,95.5833,24
5736,95.6000,28
5737,95.6167,23
5738,95.6333,23
5739,95.6500,26
5740,95.6667,30
5741,95.6833,24
5742,95.7000,23
5743,95.7167,24
5744,95.7333,30
5745,95.7500,25
5746,95.7667,24
5747,95.7833,27
5748,95.8000,24
5749,95.8167,24
5750,95.8333,24
5751,95.8500,25
5752,95.8667,25
5753,95.8833,27
5754,95.9000,29
5755,95.9167,26
5756,95.9333,22
5757,95.9500,25
5758,95.9667,25
5759,95.9833,25
5760,96.0000,27
5761,96.0167,24
5762,96.0333,24
5763,96.0500,25
5764,96.0667,27
5765,96.0833,26
5766,96.1000,25
5767,96.1167,27
5768,96.1333,23
5769,96.1500,26
5770,96.1667,26
5771,96.1833,26
5772,96.2000,24
5773,96.2167,24
5774,96.2333,27
5775,96.2500,32
5776,96.2667,26
5777,96.2833,27
5778,96.3000,25
5779,96.3167,28
5780,96.3333,27
5781,96.3500,23
5782,96.3667,29
5783,96.3833,26
5784,96.4000,23
5785,96.4167,27
5786,96.4333,24
5787,96.4500,26
5788,96.4667,25
5789,96.4833,25
5790,96.5000,29
5791,96.5167,24
5792,96.5333,28
5793,96.5500,26
5794,96.5667,25
5795,96.5833,25
5796,96.6000,10
